"","word","6","7","8","9","10","11","12","13","14","15","16","17","18","19","20","21","22","23","24","25","26","27","28"
"1","able",0.5,0.733333333333333,0.69811320754717,0.982142857142857,0.818181818181818,0.666666666666667,0.909090909090909,NA,1,1,1,1,NA,1,NA,NA,1,NA,NA,NA,NA,1,1
"2","ablood",0,0.733333333333333,0.773584905660377,0.678571428571429,0.772727272727273,0.833333333333333,0.727272727272727,NA,0.5,0.666666666666667,1,1,NA,1,NA,NA,1,NA,NA,NA,NA,1,1
"3","accastanct",1,0.466666666666667,0.60377358490566,0.571428571428571,0.636363636363636,0.666666666666667,0.545454545454545,NA,0.5,1,1,1,NA,1,NA,NA,1,NA,NA,NA,NA,1,1
"4","accustomed",0,0.266666666666667,0.30188679245283,0.339285714285714,0.454545454545455,0.666666666666667,0.636363636363636,NA,0.5,0.666666666666667,1,1,NA,1,NA,NA,1,NA,NA,NA,NA,1,1
"5","acquisitiveness",0.5,0.2,0.264150943396226,0.178571428571429,0.5,0.5,0.272727272727273,NA,0,0.666666666666667,1,0,NA,1,NA,NA,1,NA,NA,NA,NA,1,0
"6","after",0.5,0.866666666666667,0.886792452830189,0.928571428571429,0.727272727272727,0.833333333333333,0.818181818181818,NA,1,1,1,1,NA,1,NA,NA,1,NA,NA,NA,NA,1,0
"7","ag",0.5,0.8,0.943396226415094,1,0.954545454545455,1,1,NA,1,1,1,1,NA,1,NA,NA,1,NA,NA,NA,NA,1,1
"8","again",1,0.733333333333333,0.811320754716981,0.964285714285714,0.954545454545455,1,1,NA,0.5,1,1,1,NA,1,NA,NA,1,NA,NA,NA,NA,1,1
"9","agreed",1,0.466666666666667,0.69811320754717,0.910714285714286,0.954545454545455,1,1,NA,1,1,1,1,NA,1,NA,NA,1,NA,NA,NA,NA,1,1
"10","air",1,0.933333333333333,0.943396226415094,0.821428571428571,1,0.833333333333333,1,NA,1,1,1,1,NA,1,NA,NA,1,NA,NA,NA,NA,1,1
"11","albust",0.5,0.8,0.60377358490566,0.803571428571429,0.772727272727273,1,0.909090909090909,NA,0.5,1,1,1,NA,1,NA,NA,1,NA,NA,NA,NA,1,1
"12","alipol",0,0.6,0.547169811320755,0.821428571428571,0.818181818181818,1,0.818181818181818,NA,1,1,1,1,NA,1,NA,NA,1,NA,NA,NA,NA,1,1
"13","alk",0.5,0.933333333333333,0.735849056603774,0.839285714285714,0.954545454545455,0.833333333333333,0.727272727272727,NA,0.5,1,1,1,NA,1,NA,NA,1,NA,NA,NA,NA,1,1
"14","almost",1,0.733333333333333,0.867924528301887,0.946428571428571,1,0.833333333333333,0.818181818181818,NA,1,1,1,1,NA,1,NA,NA,1,NA,NA,NA,NA,1,1
"15","am",1,0.466666666666667,0.660377358490566,0.5,0.681818181818182,0.666666666666667,1,NA,1,0.666666666666667,1,1,NA,1,NA,NA,1,NA,NA,NA,NA,1,0
"16","an",1,0.533333333333333,0.584905660377358,0.678571428571429,0.954545454545455,0.833333333333333,1,NA,1,1,1,1,NA,1,NA,NA,1,NA,NA,NA,NA,0,1
"17","ancrusinishness",0.5,0.733333333333333,0.471698113207547,0.75,0.863636363636364,0.5,0.818181818181818,NA,1,0.666666666666667,1,1,NA,1,NA,NA,1,NA,NA,NA,NA,0,1
"18","and",1,0.933333333333333,0.924528301886792,0.928571428571429,1,1,0.818181818181818,NA,1,1,1,1,NA,0,NA,NA,1,NA,NA,NA,NA,1,1
"19","animal",1,0.733333333333333,0.754716981132076,0.803571428571429,0.954545454545455,1,0.909090909090909,NA,0.5,1,1,1,NA,1,NA,NA,1,NA,NA,NA,NA,1,1
"20","answer",1,0.8,0.773584905660377,0.857142857142857,0.818181818181818,1,1,NA,1,1,1,1,NA,1,NA,NA,1,NA,NA,NA,NA,1,1
"21","ap",0.5,0.533333333333333,0.773584905660377,0.964285714285714,0.818181818181818,1,1,NA,1,1,1,1,NA,1,NA,NA,1,NA,NA,NA,NA,1,1
"22","appropriates",0.5,0.466666666666667,0.716981132075472,0.553571428571429,0.681818181818182,0.5,0.454545454545455,NA,0.5,1,1,1,NA,1,NA,NA,1,NA,NA,NA,NA,1,1
"23","ar",0.5,0.466666666666667,0.811320754716981,0.928571428571429,0.863636363636364,1,0.818181818181818,NA,1,1,0,1,NA,1,NA,NA,1,NA,NA,NA,NA,1,1
"24","arf",0.5,0.8,0.641509433962264,0.714285714285714,0.772727272727273,1,0.454545454545455,NA,0.5,1,1,1,NA,1,NA,NA,1,NA,NA,NA,NA,1,1
"25","arm",0,0.666666666666667,0.773584905660377,0.910714285714286,0.863636363636364,0.833333333333333,1,NA,1,1,1,1,NA,1,NA,NA,1,NA,NA,NA,NA,1,1
"26","arsher",0.5,0.533333333333333,0.584905660377358,0.714285714285714,0.863636363636364,0.666666666666667,0.818181818181818,NA,0.5,1,1,1,NA,1,NA,NA,1,NA,NA,NA,NA,1,1
"27","as",1,0.2,0.716981132075472,0.75,0.909090909090909,0.666666666666667,0.818181818181818,NA,1,1,1,1,NA,1,NA,NA,1,NA,NA,NA,NA,1,1
"28","asca",0.5,0.666666666666667,0.773584905660377,0.892857142857143,0.909090909090909,1,0.818181818181818,NA,1,1,1,1,NA,1,NA,NA,1,NA,NA,NA,NA,1,1
"29","ase",1,0.533333333333333,0.641509433962264,0.821428571428571,0.772727272727273,0.666666666666667,1,NA,1,1,1,1,NA,1,NA,NA,1,NA,NA,NA,NA,1,1
"30","at",1,0.866666666666667,0.679245283018868,0.857142857142857,0.863636363636364,0.833333333333333,1,NA,1,1,1,0,NA,1,NA,NA,1,NA,NA,NA,NA,1,1
"31","away",0.5,0.933333333333333,0.886792452830189,0.785714285714286,1,0.666666666666667,1,NA,1,1,1,1,NA,0,NA,NA,1,NA,NA,NA,NA,1,1
"32","baafness",0.5,0.533333333333333,0.622641509433962,0.767857142857143,0.954545454545455,0.666666666666667,0.909090909090909,NA,1,1,1,1,NA,1,NA,NA,1,NA,NA,NA,NA,1,1
"33","back",1,0.733333333333333,0.792452830188679,0.910714285714286,0.818181818181818,1,1,NA,1,1,1,1,NA,1,NA,NA,1,NA,NA,NA,NA,1,1
"34","bads",0.5,0.133333333333333,0.377358490566038,0.446428571428571,0.409090909090909,0.666666666666667,0.545454545454545,NA,0.5,0.333333333333333,1,0,NA,0,NA,NA,1,NA,NA,NA,NA,0,1
"35","ball",1,0.6,0.754716981132076,0.928571428571429,1,1,1,NA,1,1,1,1,NA,0,NA,NA,1,NA,NA,NA,NA,1,1
"36","bams",0,0.0666666666666667,0.566037735849057,0.839285714285714,0.863636363636364,1,0.727272727272727,NA,0,0.666666666666667,1,1,NA,1,NA,NA,1,NA,NA,NA,NA,1,0
"37","bangs",1,0.733333333333333,0.547169811320755,0.75,0.818181818181818,1,1,NA,1,1,1,0,NA,1,NA,NA,1,NA,NA,NA,NA,0,1
"38","banny",0,0.133333333333333,0.509433962264151,0.714285714285714,0.818181818181818,0.833333333333333,0.727272727272727,NA,0.5,1,1,1,NA,1,NA,NA,1,NA,NA,NA,NA,1,1
"39","bawed",1,0.733333333333333,0.867924528301887,0.821428571428571,0.772727272727273,0.833333333333333,0.727272727272727,NA,1,1,1,1,NA,1,NA,NA,1,NA,NA,NA,NA,1,1
"40","be",1,0.466666666666667,0.886792452830189,0.982142857142857,1,0.833333333333333,0.727272727272727,NA,1,1,1,1,NA,1,NA,NA,1,NA,NA,NA,NA,1,1
"41","beautiful",1,0.8,0.716981132075472,0.857142857142857,0.909090909090909,0.833333333333333,0.909090909090909,NA,1,1,1,1,NA,1,NA,NA,1,NA,NA,NA,NA,1,1
"42","become",1,0.866666666666667,0.886792452830189,0.892857142857143,1,1,1,NA,1,1,1,1,NA,1,NA,NA,1,NA,NA,NA,NA,1,1
"43","beeching",0,0.333333333333333,0.509433962264151,0.732142857142857,0.772727272727273,0.833333333333333,0.636363636363636,NA,1,0.333333333333333,0,1,NA,1,NA,NA,1,NA,NA,NA,NA,1,0
"44","beeltisul",0,0.533333333333333,0.471698113207547,0.75,0.863636363636364,1,1,NA,1,1,1,1,NA,1,NA,NA,1,NA,NA,NA,NA,1,1
"45","begin",1,0.666666666666667,0.584905660377358,0.821428571428571,0.863636363636364,1,0.818181818181818,NA,1,0.666666666666667,1,1,NA,1,NA,NA,1,NA,NA,NA,NA,1,1
"46","beller",0.5,0.6,0.415094339622642,0.571428571428571,0.545454545454545,0.666666666666667,0.818181818181818,NA,1,1,1,0,NA,1,NA,NA,1,NA,NA,NA,NA,1,1
"47","benon",0.5,0.8,0.679245283018868,0.892857142857143,0.863636363636364,0.833333333333333,0.818181818181818,NA,1,1,1,1,NA,1,NA,NA,1,NA,NA,NA,NA,1,1
"48","bere",0,0.333333333333333,0.547169811320755,0.785714285714286,0.954545454545455,0.5,0.727272727272727,NA,1,1,1,1,NA,1,NA,NA,1,NA,NA,NA,NA,1,1
"49","besime",0,0.466666666666667,0.509433962264151,0.767857142857143,0.863636363636364,0.833333333333333,1,NA,1,1,1,1,NA,1,NA,NA,1,NA,NA,NA,NA,1,1
"50","best",1,0.533333333333333,0.69811320754717,0.910714285714286,1,1,0.818181818181818,NA,1,1,1,1,NA,1,NA,NA,1,NA,NA,NA,NA,1,1
"51","better",1,0.533333333333333,0.679245283018868,0.821428571428571,0.954545454545455,0.833333333333333,0.909090909090909,NA,1,1,1,1,NA,1,NA,NA,1,NA,NA,NA,NA,1,1
"52","bi",0.5,0.533333333333333,0.830188679245283,0.821428571428571,0.727272727272727,0.666666666666667,1,NA,1,1,1,1,NA,1,NA,NA,1,NA,NA,NA,NA,1,1
"53","black",1,0.733333333333333,0.773584905660377,0.839285714285714,0.909090909090909,0.833333333333333,1,NA,1,1,1,1,NA,1,NA,NA,1,NA,NA,NA,NA,1,1
"54","blans",0,0.533333333333333,0.509433962264151,0.660714285714286,0.863636363636364,1,0.818181818181818,NA,1,1,1,1,NA,1,NA,NA,0,NA,NA,NA,NA,1,1
"55","bledge",0.5,0.733333333333333,0.528301886792453,0.839285714285714,0.636363636363636,1,0.727272727272727,NA,0.5,1,1,1,NA,1,NA,NA,1,NA,NA,NA,NA,1,1
"56","bone",0.5,0.733333333333333,0.830188679245283,0.875,0.954545454545455,0.833333333333333,1,NA,1,1,1,1,NA,1,NA,NA,1,NA,NA,NA,NA,1,1
"57","bot",0,0.266666666666667,0.490566037735849,0.607142857142857,0.318181818181818,0.333333333333333,0.272727272727273,NA,1,0.666666666666667,1,1,NA,1,NA,NA,1,NA,NA,NA,NA,1,1
"58","bove",0,0.466666666666667,0.679245283018868,0.696428571428571,0.818181818181818,0.833333333333333,0.727272727272727,NA,1,0.666666666666667,1,1,NA,1,NA,NA,0,NA,NA,NA,NA,1,1
"59","brought",0.5,0.866666666666667,0.679245283018868,0.785714285714286,0.818181818181818,0.833333333333333,1,NA,1,1,1,1,NA,1,NA,NA,1,NA,NA,NA,NA,1,1
"60","brubs",1,0.2,0.679245283018868,0.767857142857143,0.727272727272727,0.833333333333333,1,NA,0.5,1,1,1,NA,1,NA,NA,1,NA,NA,NA,NA,1,1
"61","brush",1,0.533333333333333,0.830188679245283,0.821428571428571,0.863636363636364,0.833333333333333,1,NA,1,0.666666666666667,1,1,NA,1,NA,NA,1,NA,NA,NA,NA,1,1
"62","budget",0.5,0.866666666666667,0.924528301886792,0.732142857142857,0.772727272727273,1,1,NA,1,1,1,1,NA,1,NA,NA,1,NA,NA,NA,NA,1,1
"63","building",1,0.933333333333333,0.849056603773585,0.892857142857143,0.954545454545455,0.833333333333333,1,NA,0.5,1,1,1,NA,1,NA,NA,1,NA,NA,NA,NA,1,1
"64","bulbet",0,0.6,0.622641509433962,0.732142857142857,0.727272727272727,1,0.818181818181818,NA,0.5,1,1,0,NA,1,NA,NA,1,NA,NA,NA,NA,1,1
"65","business",0.5,0.4,0.60377358490566,0.892857142857143,0.863636363636364,1,1,NA,1,1,1,1,NA,1,NA,NA,1,NA,NA,NA,NA,1,1
"66","but",0.5,0.533333333333333,0.660377358490566,0.821428571428571,0.863636363636364,1,0.818181818181818,NA,1,0.333333333333333,0,1,NA,1,NA,NA,1,NA,NA,NA,NA,0,1
"67","cag",0.5,0.4,0.943396226415094,0.839285714285714,1,0.833333333333333,0.727272727272727,NA,0.5,1,1,1,NA,1,NA,NA,1,NA,NA,NA,NA,0,1
"68","can",0.5,1,0.849056603773585,0.910714285714286,0.954545454545455,0.5,1,NA,1,1,1,1,NA,1,NA,NA,1,NA,NA,NA,NA,1,1
"69","candy",1,0.466666666666667,0.716981132075472,0.875,0.954545454545455,0.833333333333333,1,NA,1,1,1,1,NA,1,NA,NA,1,NA,NA,NA,NA,1,1
"70","car",1,0.733333333333333,0.924528301886792,0.839285714285714,1,1,0.909090909090909,NA,1,1,1,1,NA,1,NA,NA,1,NA,NA,NA,NA,1,1
"71","cas",0.5,0.266666666666667,0.566037735849057,0.875,0.863636363636364,1,1,NA,0.5,1,1,1,NA,1,NA,NA,1,NA,NA,NA,NA,0,1
"72","cat",1,0.933333333333333,0.867924528301887,0.946428571428571,1,1,1,NA,1,0.666666666666667,1,1,NA,1,NA,NA,1,NA,NA,NA,NA,0,1
"73","chance",1,0.533333333333333,0.641509433962264,0.857142857142857,0.909090909090909,1,1,NA,1,1,1,1,NA,1,NA,NA,1,NA,NA,NA,NA,1,1
"74","chanding",0,0.466666666666667,0.679245283018868,0.517857142857143,0.545454545454545,0.666666666666667,0.545454545454545,NA,0.5,0.666666666666667,1,0,NA,1,NA,NA,0,NA,NA,NA,NA,1,1
"75","charks",0,0.266666666666667,0.735849056603774,0.535714285714286,0.772727272727273,0.833333333333333,1,NA,1,0.666666666666667,1,1,NA,1,NA,NA,1,NA,NA,NA,NA,1,1
"76","charring",0,0.733333333333333,0.471698113207547,0.535714285714286,0.272727272727273,1,0.363636363636364,NA,0.5,0.333333333333333,1,1,NA,0,NA,NA,0,NA,NA,NA,NA,0,1
"77","che",0.5,0.933333333333333,0.735849056603774,0.946428571428571,0.954545454545455,1,0.727272727272727,NA,0.5,0.666666666666667,1,1,NA,1,NA,NA,1,NA,NA,NA,NA,1,1
"78","chigshen",0.5,0.733333333333333,0.547169811320755,0.928571428571429,0.818181818181818,1,1,NA,1,1,1,1,NA,1,NA,NA,1,NA,NA,NA,NA,1,1
"79","children",1,0.466666666666667,0.735849056603774,0.946428571428571,0.954545454545455,1,0.818181818181818,NA,1,1,1,1,NA,1,NA,NA,1,NA,NA,NA,NA,1,1
"80","cibsus",0.5,0.933333333333333,0.660377358490566,1,0.863636363636364,1,1,NA,1,1,1,1,NA,1,NA,NA,1,NA,NA,NA,NA,1,1
"81","circus",0.5,0.266666666666667,0.490566037735849,0.785714285714286,0.772727272727273,0.833333333333333,0.818181818181818,NA,1,0.333333333333333,1,0,NA,1,NA,NA,1,NA,NA,NA,NA,0,1
"82","clomify",0.5,0.666666666666667,0.566037735849057,0.732142857142857,1,1,0.818181818181818,NA,1,1,1,1,NA,1,NA,NA,1,NA,NA,NA,NA,1,1
"83","clought",0.5,0.266666666666667,0.471698113207547,0.642857142857143,0.863636363636364,0.666666666666667,0.909090909090909,NA,0.5,0.333333333333333,0,1,NA,0,NA,NA,1,NA,NA,NA,NA,1,0
"84","cok",0.5,0.4,0.773584905660377,0.946428571428571,0.863636363636364,1,1,NA,1,1,1,1,NA,1,NA,NA,1,NA,NA,NA,NA,1,1
"85","collapse",0.5,0.8,0.811320754716981,0.714285714285714,0.681818181818182,0.833333333333333,1,NA,0.5,1,1,1,NA,0,NA,NA,1,NA,NA,NA,NA,1,1
"86","collosks",0.5,0.4,0.735849056603774,0.857142857142857,1,0.333333333333333,1,NA,1,0.666666666666667,1,1,NA,1,NA,NA,1,NA,NA,NA,NA,0,1
"87","cologne",1,0.266666666666667,0.320754716981132,0.5,0.545454545454545,0.666666666666667,0.636363636363636,NA,1,0.666666666666667,1,1,NA,1,NA,NA,1,NA,NA,NA,NA,1,1
"88","come",0.5,0.733333333333333,0.622641509433962,0.928571428571429,0.727272727272727,1,1,NA,1,1,1,1,NA,1,NA,NA,1,NA,NA,NA,NA,0,1
"89","complase",0.5,0.466666666666667,0.39622641509434,0.5,0.727272727272727,0.833333333333333,0.727272727272727,NA,1,0.333333333333333,1,0,NA,1,NA,NA,1,NA,NA,NA,NA,1,1
"90","complete",1,0.6,0.566037735849057,0.928571428571429,0.863636363636364,1,1,NA,1,1,1,1,NA,1,NA,NA,1,NA,NA,NA,NA,1,1
"91","compliment",0.5,0.666666666666667,0.69811320754717,0.678571428571429,0.954545454545455,1,1,NA,0.5,1,1,1,NA,1,NA,NA,1,NA,NA,NA,NA,1,1
"92","configuration",0.5,0.733333333333333,0.490566037735849,0.553571428571429,0.727272727272727,0.833333333333333,0.636363636363636,NA,1,1,1,1,NA,1,NA,NA,1,NA,NA,NA,NA,1,1
"93","congusozation",0.5,0.933333333333333,0.867924528301887,0.857142857142857,0.681818181818182,0.666666666666667,1,NA,1,1,1,1,NA,1,NA,NA,1,NA,NA,NA,NA,0,1
"94","contain",0.5,0.533333333333333,0.60377358490566,0.803571428571429,0.909090909090909,1,0.909090909090909,NA,1,1,1,1,NA,1,NA,NA,1,NA,NA,NA,NA,1,1
"95","contive",0.5,0.933333333333333,0.39622641509434,0.571428571428571,0.727272727272727,0.333333333333333,0.727272727272727,NA,1,0.666666666666667,1,1,NA,1,NA,NA,1,NA,NA,NA,NA,1,1
"96","coth",0.5,0.333333333333333,0.452830188679245,0.660714285714286,0.681818181818182,0.666666666666667,0.727272727272727,NA,0,1,1,1,NA,1,NA,NA,1,NA,NA,NA,NA,1,1
"97","cotosks",0,0.666666666666667,0.566037735849057,0.892857142857143,0.818181818181818,0.833333333333333,1,NA,1,0.666666666666667,1,1,NA,1,NA,NA,1,NA,NA,NA,NA,1,1
"98","cotplicant",0.5,0.666666666666667,0.60377358490566,0.857142857142857,0.636363636363636,0.666666666666667,0.909090909090909,NA,1,1,1,1,NA,1,NA,NA,1,NA,NA,NA,NA,1,1
"99","could",1,0.8,0.924528301886792,1,0.909090909090909,1,0.909090909090909,NA,1,1,1,0,NA,1,NA,NA,1,NA,NA,NA,NA,1,1
"100","cow",1,1,0.792452830188679,0.857142857142857,0.909090909090909,0.5,0.818181818181818,NA,1,1,1,1,NA,1,NA,NA,1,NA,NA,NA,NA,1,1
"101","cowbim",1,0.933333333333333,0.716981132075472,0.696428571428571,1,0.666666666666667,0.727272727272727,NA,1,1,1,0,NA,1,NA,NA,1,NA,NA,NA,NA,1,1
"102","cowboy",1,0.933333333333333,0.830188679245283,0.75,1,0.833333333333333,0.818181818181818,NA,1,0.666666666666667,1,1,NA,1,NA,NA,1,NA,NA,NA,NA,1,1
"103","creat",0.5,0.266666666666667,0.30188679245283,0.607142857142857,0.727272727272727,1,0.545454545454545,NA,1,1,1,1,NA,1,NA,NA,1,NA,NA,NA,NA,0,1
"104","crit",0.5,0.4,0.471698113207547,0.821428571428571,0.863636363636364,0.666666666666667,0.727272727272727,NA,1,0.666666666666667,1,1,NA,1,NA,NA,1,NA,NA,NA,NA,1,1
"105","crovel",0.5,0.466666666666667,0.471698113207547,0.732142857142857,0.818181818181818,0.833333333333333,1,NA,1,1,1,1,NA,1,NA,NA,1,NA,NA,NA,NA,1,1
"106","cuppom",0.5,0.8,0.679245283018868,0.803571428571429,0.818181818181818,1,0.818181818181818,NA,1,1,1,1,NA,1,NA,NA,1,NA,NA,NA,NA,1,1
"107","custom",1,0.933333333333333,0.490566037735849,0.803571428571429,1,1,0.909090909090909,NA,1,1,1,0,NA,1,NA,NA,1,NA,NA,NA,NA,1,1
"108","da",0.5,0.8,0.716981132075472,0.982142857142857,0.954545454545455,0.833333333333333,1,NA,1,1,1,1,NA,1,NA,NA,1,NA,NA,NA,NA,1,0
"109","dag",0.5,0.733333333333333,0.622641509433962,0.839285714285714,0.909090909090909,1,1,NA,1,1,1,1,NA,1,NA,NA,1,NA,NA,NA,NA,1,1
"110","daople",0.5,0.466666666666667,0.679245283018868,0.910714285714286,1,0.833333333333333,0.636363636363636,NA,1,1,1,1,NA,1,NA,NA,1,NA,NA,NA,NA,1,1
"111","dat",0.5,0.266666666666667,0.660377358490566,0.946428571428571,0.863636363636364,1,1,NA,1,0.666666666666667,1,1,NA,1,NA,NA,1,NA,NA,NA,NA,1,1
"112","de",0.5,0.733333333333333,0.716981132075472,0.875,0.909090909090909,1,0.545454545454545,NA,1,1,1,1,NA,1,NA,NA,1,NA,NA,NA,NA,1,1
"113","describe",1,0.0666666666666667,0.792452830188679,0.678571428571429,0.863636363636364,0.833333333333333,1,NA,1,1,1,1,NA,1,NA,NA,1,NA,NA,NA,NA,1,1
"114","destrifs",0.5,0.933333333333333,0.547169811320755,0.785714285714286,0.863636363636364,0.833333333333333,0.727272727272727,NA,1,1,1,1,NA,1,NA,NA,1,NA,NA,NA,NA,1,1
"115","distance",0.5,0.666666666666667,0.773584905660377,0.660714285714286,0.636363636363636,1,1,NA,0.5,1,1,1,NA,1,NA,NA,1,NA,NA,NA,NA,1,1
"116","distides",0.5,0.933333333333333,0.452830188679245,0.5,0.636363636363636,1,0.818181818181818,NA,1,1,1,1,NA,1,NA,NA,1,NA,NA,NA,NA,1,1
"117","do",1,0.6,0.905660377358491,0.875,0.772727272727273,0.833333333333333,0.818181818181818,NA,1,1,1,1,NA,1,NA,NA,1,NA,NA,NA,NA,1,1
"118","dog",1,0.733333333333333,0.924528301886792,0.839285714285714,0.909090909090909,1,1,NA,1,1,1,1,NA,1,NA,NA,0,NA,NA,NA,NA,1,1
"119","dood",0.5,0.533333333333333,0.566037735849057,0.857142857142857,0.863636363636364,1,0.909090909090909,NA,1,0.666666666666667,1,1,NA,1,NA,NA,1,NA,NA,NA,NA,1,1
"120","dooseful",0.5,1,0.452830188679245,0.517857142857143,0.909090909090909,0.833333333333333,0.545454545454545,NA,0.5,0.666666666666667,1,0,NA,1,NA,NA,1,NA,NA,NA,NA,1,1
"121","doubtful",0,0.466666666666667,0.509433962264151,0.482142857142857,0.772727272727273,0.833333333333333,1,NA,0.5,1,1,1,NA,1,NA,NA,1,NA,NA,NA,NA,1,1
"122","down",1,0.6,0.867924528301887,0.946428571428571,0.954545454545455,1,0.818181818181818,NA,1,1,1,1,NA,1,NA,NA,1,NA,NA,NA,NA,1,1
"123","drnuo",0.5,0.733333333333333,0.773584905660377,0.928571428571429,1,1,0.818181818181818,NA,1,1,1,1,NA,1,NA,NA,1,NA,NA,NA,NA,1,1
"124","drustion",0.5,0.733333333333333,0.566037735849057,0.75,0.818181818181818,0.666666666666667,1,NA,1,1,1,1,NA,1,NA,NA,1,NA,NA,NA,NA,1,1
"125","dryer",0.5,0.733333333333333,0.622641509433962,0.642857142857143,0.636363636363636,0.666666666666667,1,NA,1,0.666666666666667,1,0,NA,1,NA,NA,1,NA,NA,NA,NA,1,1
"126","duttery",0,0.333333333333333,0.679245283018868,0.910714285714286,0.954545454545455,1,1,NA,0.5,1,1,1,NA,1,NA,NA,1,NA,NA,NA,NA,1,1
"127","ees",0.5,0.8,0.754716981132076,0.928571428571429,0.954545454545455,1,0.818181818181818,NA,0.5,1,1,0,NA,1,NA,NA,1,NA,NA,NA,NA,1,1
"128","ef",0.5,0.533333333333333,0.69811320754717,1,0.863636363636364,1,0.818181818181818,NA,1,1,1,1,NA,1,NA,NA,1,NA,NA,NA,NA,1,1
"129","elements",0.5,0.933333333333333,0.660377358490566,0.642857142857143,1,1,0.818181818181818,NA,1,1,1,1,NA,1,NA,NA,1,NA,NA,NA,NA,1,1
"130","en",0.5,0.533333333333333,0.754716981132076,0.946428571428571,1,1,0.818181818181818,NA,1,1,1,1,NA,1,NA,NA,1,NA,NA,NA,NA,1,1
"131","enan",0.5,0.533333333333333,0.622641509433962,1,1,1,1,NA,1,1,1,1,NA,1,NA,NA,1,NA,NA,NA,NA,1,1
"132","esslyots",0.5,0.466666666666667,0.735849056603774,0.928571428571429,0.818181818181818,0.666666666666667,1,NA,1,1,1,1,NA,1,NA,NA,1,NA,NA,NA,NA,1,1
"133","et",0.5,0.8,0.69811320754717,0.964285714285714,1,0.666666666666667,1,NA,1,1,1,1,NA,1,NA,NA,1,NA,NA,NA,NA,1,1
"134","etecants",0.5,0.8,0.735849056603774,0.821428571428571,0.772727272727273,0.666666666666667,0.727272727272727,NA,1,1,1,1,NA,1,NA,NA,1,NA,NA,NA,NA,1,1
"135","even",1,0.8,0.981132075471698,0.928571428571429,0.818181818181818,0.833333333333333,0.727272727272727,NA,1,1,1,1,NA,1,NA,NA,1,NA,NA,NA,NA,0,1
"136","everyone",1,0.733333333333333,0.849056603773585,0.928571428571429,0.954545454545455,1,1,NA,0.5,1,1,1,NA,1,NA,NA,1,NA,NA,NA,NA,1,1
"137","fafever",0.5,0.733333333333333,0.735849056603774,0.892857142857143,0.954545454545455,0.833333333333333,1,NA,1,1,1,1,NA,1,NA,NA,1,NA,NA,NA,NA,1,1
"138","family",1,0.933333333333333,0.660377358490566,0.857142857142857,1,0.833333333333333,0.909090909090909,NA,1,0.666666666666667,1,1,NA,1,NA,NA,1,NA,NA,NA,NA,1,1
"139","famous",0.5,0.733333333333333,0.641509433962264,0.821428571428571,0.772727272727273,1,1,NA,1,0.666666666666667,1,1,NA,1,NA,NA,1,NA,NA,NA,NA,1,1
"140","farmer",1,0.933333333333333,0.754716981132076,0.75,0.954545454545455,0.833333333333333,1,NA,1,1,1,1,NA,1,NA,NA,1,NA,NA,NA,NA,1,1
"141","fasees",1,0.466666666666667,0.622641509433962,0.857142857142857,0.863636363636364,0.5,1,NA,0.5,1,1,1,NA,1,NA,NA,1,NA,NA,NA,NA,1,1
"142","fast",1,0.466666666666667,0.773584905660377,1,1,1,1,NA,0,1,1,1,NA,1,NA,NA,1,NA,NA,NA,NA,1,1
"143","faster",1,0.533333333333333,0.69811320754717,0.982142857142857,1,1,0.909090909090909,NA,1,0.666666666666667,1,1,NA,1,NA,NA,1,NA,NA,NA,NA,1,1
"144","father",1,0.666666666666667,0.867924528301887,0.946428571428571,1,1,1,NA,1,1,1,1,NA,1,NA,NA,1,NA,NA,NA,NA,0,1
"145","fatter",0,0.733333333333333,0.679245283018868,0.446428571428571,0.636363636363636,0.666666666666667,0.818181818181818,NA,1,0.333333333333333,1,1,NA,1,NA,NA,0,NA,NA,NA,NA,0,1
"146","fattify",0,0.866666666666667,0.886792452830189,0.767857142857143,0.727272727272727,0.5,0.909090909090909,NA,1,1,1,1,NA,1,NA,NA,1,NA,NA,NA,NA,1,1
"147","fave",0.5,0.333333333333333,0.679245283018868,0.714285714285714,0.5,0.5,0.636363636363636,NA,0.5,1,1,0,NA,1,NA,NA,1,NA,NA,NA,NA,0,1
"148","fawerty",0.5,0.733333333333333,0.754716981132076,0.732142857142857,1,0.833333333333333,1,NA,1,0.666666666666667,1,1,NA,1,NA,NA,1,NA,NA,NA,NA,1,1
"149","fimp",0.5,0.666666666666667,0.30188679245283,0.75,0.909090909090909,1,1,NA,1,1,1,1,NA,1,NA,NA,1,NA,NA,NA,NA,1,1
"150","finally",1,0.8,0.830188679245283,0.964285714285714,1,1,1,NA,1,1,1,1,NA,1,NA,NA,1,NA,NA,NA,NA,1,1
"151","find",1,0.733333333333333,0.867924528301887,0.964285714285714,0.863636363636364,1,1,NA,0.5,1,1,1,NA,1,NA,NA,1,NA,NA,NA,NA,1,1
"152","fine",1,0.733333333333333,0.924528301886792,0.910714285714286,0.818181818181818,1,0.909090909090909,NA,1,1,1,1,NA,0,NA,NA,1,NA,NA,NA,NA,1,1
"153","fing",1,0.666666666666667,0.433962264150943,0.696428571428571,0.454545454545455,0.833333333333333,0.545454545454545,NA,0.5,0.666666666666667,1,0,NA,1,NA,NA,1,NA,NA,NA,NA,1,1
"154","fireer",0.5,0.266666666666667,0.60377358490566,0.892857142857143,0.818181818181818,0.666666666666667,1,NA,1,0.666666666666667,1,0,NA,1,NA,NA,1,NA,NA,NA,NA,1,1
"155","fish",1,1,0.849056603773585,0.946428571428571,0.954545454545455,1,0.818181818181818,NA,1,1,1,1,NA,1,NA,NA,1,NA,NA,NA,NA,1,1
"156","fistory",0,0.466666666666667,0.60377358490566,0.482142857142857,0.681818181818182,1,0.727272727272727,NA,0.5,1,1,0,NA,1,NA,NA,1,NA,NA,NA,NA,1,1
"157","fite",1,0.333333333333333,0.69811320754717,0.553571428571429,0.909090909090909,0.833333333333333,0.727272727272727,NA,1,1,1,1,NA,1,NA,NA,1,NA,NA,NA,NA,1,1
"158","flankfopper",0.5,0.333333333333333,0.773584905660377,0.857142857142857,0.818181818181818,0.833333333333333,1,NA,1,0.666666666666667,1,1,NA,1,NA,NA,1,NA,NA,NA,NA,1,1
"159","freat",0.5,0.2,0.433962264150943,0.767857142857143,0.681818181818182,0.666666666666667,0.818181818181818,NA,1,0.666666666666667,1,1,NA,1,NA,NA,1,NA,NA,NA,NA,1,1
"160","from",0.5,0.733333333333333,0.886792452830189,0.928571428571429,0.954545454545455,1,1,NA,1,1,1,1,NA,1,NA,NA,1,NA,NA,NA,NA,0,1
"161","fror",0.5,0.8,0.905660377358491,0.910714285714286,0.954545454545455,0.833333333333333,1,NA,1,1,1,1,NA,1,NA,NA,1,NA,NA,NA,NA,1,1
"162","fruit",1,0.466666666666667,0.830188679245283,0.910714285714286,0.681818181818182,1,0.636363636363636,NA,1,1,1,1,NA,1,NA,NA,1,NA,NA,NA,NA,1,1
"163","gaian",0,0.466666666666667,0.566037735849057,0.642857142857143,0.772727272727273,1,0.818181818181818,NA,0.5,1,1,1,NA,1,NA,NA,1,NA,NA,NA,NA,1,1
"164","ganner",0.5,0.666666666666667,0.433962264150943,0.857142857142857,0.772727272727273,0.5,1,NA,0.5,0.666666666666667,0,1,NA,1,NA,NA,1,NA,NA,NA,NA,1,1
"165","ganter",0,0.533333333333333,0.773584905660377,0.625,0.863636363636364,0.833333333333333,0.909090909090909,NA,1,1,1,0,NA,1,NA,NA,1,NA,NA,NA,NA,1,1
"166","garbant",0.5,0.6,0.490566037735849,0.642857142857143,0.636363636363636,0.666666666666667,0.818181818181818,NA,1,0.666666666666667,1,0,NA,1,NA,NA,0,NA,NA,NA,NA,1,1
"167","garden",0.5,0.666666666666667,0.660377358490566,0.964285714285714,1,1,0.818181818181818,NA,1,1,1,1,NA,1,NA,NA,1,NA,NA,NA,NA,0,1
"168","garment",0,0.4,0.584905660377358,0.625,0.636363636363636,0.5,0.363636363636364,NA,0.5,0.666666666666667,1,1,NA,1,NA,NA,1,NA,NA,NA,NA,1,1
"169","ge",0.5,0.933333333333333,0.471698113207547,0.839285714285714,1,1,1,NA,1,1,1,0,NA,1,NA,NA,1,NA,NA,NA,NA,1,1
"170","germantia",0.5,0.6,0.679245283018868,0.875,0.863636363636364,0.833333333333333,1,NA,1,0.333333333333333,1,0,NA,1,NA,NA,1,NA,NA,NA,NA,1,1
"171","ggnoi",0.5,0.533333333333333,0.60377358490566,0.946428571428571,0.727272727272727,0.833333333333333,1,NA,1,1,1,1,NA,1,NA,NA,1,NA,NA,NA,NA,1,1
"172","gibs",0.5,0.733333333333333,0.754716981132076,0.821428571428571,0.954545454545455,0.833333333333333,1,NA,0.5,0.666666666666667,1,1,NA,1,NA,NA,1,NA,NA,NA,NA,1,1
"173","give",1,0.733333333333333,0.679245283018868,0.875,0.772727272727273,0.833333333333333,0.818181818181818,NA,1,1,1,1,NA,1,NA,NA,1,NA,NA,NA,NA,1,1
"174","go",1,0.8,0.679245283018868,0.910714285714286,1,0.833333333333333,0.545454545454545,NA,0.5,1,1,1,NA,1,NA,NA,1,NA,NA,NA,NA,1,1
"175","going",1,0.733333333333333,0.830188679245283,0.767857142857143,0.909090909090909,1,0.818181818181818,NA,1,1,1,1,NA,1,NA,NA,1,NA,NA,NA,NA,0,1
"176","good",1,0.6,1,0.910714285714286,1,1,1,NA,0.5,1,1,1,NA,1,NA,NA,1,NA,NA,NA,NA,1,1
"177","goud",0.5,0.666666666666667,0.39622641509434,0.75,0.909090909090909,0.666666666666667,0.818181818181818,NA,1,1,1,1,NA,1,NA,NA,1,NA,NA,NA,NA,1,1
"178","grasshopper",1,0.666666666666667,0.716981132075472,0.767857142857143,0.863636363636364,1,1,NA,0.5,1,1,1,NA,1,NA,NA,1,NA,NA,NA,NA,1,1
"179","grat",1,0.866666666666667,0.60377358490566,0.696428571428571,0.863636363636364,0.833333333333333,0.909090909090909,NA,0.5,1,1,1,NA,1,NA,NA,1,NA,NA,NA,NA,1,1
"180","gravel",0.5,0.733333333333333,0.660377358490566,0.857142857142857,0.590909090909091,0.833333333333333,1,NA,0.5,1,1,1,NA,1,NA,NA,1,NA,NA,NA,NA,1,1
"181","great",1,0.666666666666667,0.792452830188679,0.75,0.954545454545455,1,1,NA,1,1,1,1,NA,1,NA,NA,1,NA,NA,NA,NA,1,1
"182","green",1,0.6,0.849056603773585,0.857142857142857,0.863636363636364,1,0.818181818181818,NA,1,1,1,1,NA,1,NA,NA,1,NA,NA,NA,NA,1,1
"183","groon",0.5,0.266666666666667,0.509433962264151,0.660714285714286,0.863636363636364,0.666666666666667,0.727272727272727,NA,0.5,1,1,1,NA,1,NA,NA,1,NA,NA,NA,NA,0,1
"184","guarantee",0.5,0.2,0.60377358490566,0.5,0.727272727272727,1,0.636363636363636,NA,0.5,1,1,1,NA,1,NA,NA,1,NA,NA,NA,NA,1,1
"185","guess",1,0.466666666666667,0.716981132075472,0.892857142857143,0.909090909090909,0.833333333333333,1,NA,1,1,1,1,NA,1,NA,NA,1,NA,NA,NA,NA,1,1
"186","guoys",0.5,0.466666666666667,0.641509433962264,0.857142857142857,1,1,1,NA,1,1,1,1,NA,1,NA,NA,1,NA,NA,NA,NA,1,1
"187","hadder",0,0.4,0.509433962264151,0.732142857142857,0.681818181818182,0.833333333333333,0.818181818181818,NA,0.5,0.666666666666667,1,1,NA,1,NA,NA,1,NA,NA,NA,NA,1,1
"188","hammer",1,0.733333333333333,0.641509433962264,0.75,1,1,0.818181818181818,NA,0.5,1,1,1,NA,1,NA,NA,1,NA,NA,NA,NA,1,1
"189","han",0,0.266666666666667,0.528301886792453,0.660714285714286,1,0.833333333333333,0.636363636363636,NA,1,1,1,1,NA,1,NA,NA,1,NA,NA,NA,NA,0,1
"190","hand",1,0.866666666666667,0.849056603773585,0.964285714285714,0.772727272727273,1,1,NA,1,1,1,1,NA,1,NA,NA,1,NA,NA,NA,NA,1,1
"191","hane",0,0.2,0.377358490566038,0.857142857142857,0.863636363636364,0.666666666666667,1,NA,1,0.666666666666667,1,1,NA,1,NA,NA,1,NA,NA,NA,NA,0,1
"192","hant",0,0.666666666666667,0.452830188679245,0.785714285714286,0.681818181818182,0.666666666666667,0.636363636363636,NA,1,0.666666666666667,1,0,NA,1,NA,NA,1,NA,NA,NA,NA,1,1
"193","have",1,0.933333333333333,0.811320754716981,0.892857142857143,0.727272727272727,1,0.909090909090909,NA,1,1,1,1,NA,1,NA,NA,1,NA,NA,NA,NA,1,1
"194","he",0.5,0.733333333333333,0.679245283018868,0.785714285714286,0.909090909090909,0.833333333333333,0.454545454545455,NA,0.5,0.666666666666667,1,1,NA,1,NA,NA,1,NA,NA,NA,NA,1,1
"195","hect",0.5,0.2,0.39622641509434,0.910714285714286,0.909090909090909,1,0.727272727272727,NA,1,1,1,1,NA,1,NA,NA,1,NA,NA,NA,NA,1,1
"196","help",0.5,0.733333333333333,0.716981132075472,0.964285714285714,0.954545454545455,1,1,NA,1,1,1,1,NA,1,NA,NA,1,NA,NA,NA,NA,1,1
"197","hencory",0.5,0.333333333333333,0.735849056603774,0.946428571428571,0.818181818181818,1,1,NA,1,1,1,1,NA,1,NA,NA,1,NA,NA,NA,NA,1,1
"198","here",1,0.733333333333333,0.754716981132076,0.892857142857143,0.863636363636364,1,0.636363636363636,NA,1,1,1,1,NA,0,NA,NA,1,NA,NA,NA,NA,1,1
"199","him",1,0.733333333333333,0.886792452830189,0.875,1,1,0.909090909090909,NA,1,1,1,1,NA,1,NA,NA,1,NA,NA,NA,NA,1,1
"200","his",1,0.533333333333333,0.811320754716981,0.910714285714286,1,1,0.818181818181818,NA,1,1,1,1,NA,1,NA,NA,0,NA,NA,NA,NA,1,1
"201","history",1,0.333333333333333,0.69811320754717,0.946428571428571,1,0.833333333333333,0.818181818181818,NA,1,1,1,1,NA,1,NA,NA,1,NA,NA,NA,NA,0,1
"202","hitter",0,0.266666666666667,0.39622641509434,0.357142857142857,0.409090909090909,0.166666666666667,0.181818181818182,NA,1,0.666666666666667,0,0,NA,0,NA,NA,0,NA,NA,NA,NA,0,0
"203","hktni",0.5,0.733333333333333,0.679245283018868,0.928571428571429,0.954545454545455,1,1,NA,1,1,1,1,NA,1,NA,NA,1,NA,NA,NA,NA,1,1
"204","holily",0,0.666666666666667,0.415094339622642,0.767857142857143,0.727272727272727,0.833333333333333,1,NA,1,0.666666666666667,1,1,NA,1,NA,NA,1,NA,NA,NA,NA,1,1
"205","hom",0.5,0.533333333333333,0.622641509433962,0.785714285714286,0.772727272727273,0.833333333333333,0.909090909090909,NA,1,1,1,1,NA,1,NA,NA,1,NA,NA,NA,NA,1,1
"206","homogeneous",0.5,0.4,0.377358490566038,0.392857142857143,0.409090909090909,0.666666666666667,0.272727272727273,NA,0.5,0.666666666666667,1,1,NA,1,NA,NA,1,NA,NA,NA,NA,1,1
"207","hore",0,0.533333333333333,0.339622641509434,0.767857142857143,0.818181818181818,1,0.909090909090909,NA,0.5,0.333333333333333,1,1,NA,1,NA,NA,1,NA,NA,NA,NA,1,1
"208","hot",0.5,0.733333333333333,0.905660377358491,0.857142857142857,0.909090909090909,0.833333333333333,1,NA,1,1,1,1,NA,1,NA,NA,1,NA,NA,NA,NA,1,1
"209","however",1,0.8,0.754716981132076,0.892857142857143,0.818181818181818,1,0.818181818181818,NA,1,1,1,1,NA,1,NA,NA,1,NA,NA,NA,NA,1,1
"210","hu",0.5,0.533333333333333,0.867924528301887,0.910714285714286,1,1,1,NA,1,1,1,1,NA,1,NA,NA,1,NA,NA,NA,NA,1,1
"211","hube",0.5,0.533333333333333,0.716981132075472,0.767857142857143,0.772727272727273,0.666666666666667,1,NA,1,1,1,1,NA,1,NA,NA,1,NA,NA,NA,NA,1,1
"212","huge",1,0.666666666666667,0.716981132075472,0.785714285714286,0.954545454545455,1,1,NA,1,1,1,1,NA,1,NA,NA,0,NA,NA,NA,NA,1,1
"213","hus",0.5,0.266666666666667,0.415094339622642,0.946428571428571,0.681818181818182,0.833333333333333,1,NA,1,1,1,1,NA,1,NA,NA,1,NA,NA,NA,NA,1,1
"214","hust",0.5,0.2,0.547169811320755,0.446428571428571,0.636363636363636,0.666666666666667,0.454545454545455,NA,0,0.666666666666667,1,0,NA,1,NA,NA,1,NA,NA,NA,NA,1,1
"215","hy",0.5,0.533333333333333,0.735849056603774,0.928571428571429,0.909090909090909,1,1,NA,1,1,1,1,NA,1,NA,NA,1,NA,NA,NA,NA,1,1
"216","idthepiates",0.5,0.6,0.622641509433962,0.857142857142857,0.909090909090909,1,0.909090909090909,NA,1,1,1,1,NA,1,NA,NA,1,NA,NA,NA,NA,1,1
"217","imagine",1,0.533333333333333,0.830188679245283,0.803571428571429,0.954545454545455,0.666666666666667,1,NA,1,1,1,1,NA,1,NA,NA,1,NA,NA,NA,NA,1,1
"218","imeyits",1,0.6,0.528301886792453,0.928571428571429,0.818181818181818,1,1,NA,1,1,1,1,NA,1,NA,NA,1,NA,NA,NA,NA,1,1
"219","immiterise",0.5,0.733333333333333,0.622641509433962,0.714285714285714,0.681818181818182,0.833333333333333,0.636363636363636,NA,1,0.666666666666667,1,1,NA,1,NA,NA,1,NA,NA,NA,NA,1,1
"220","impoverish",0.5,0.266666666666667,0.39622641509434,0.392857142857143,0.0909090909090909,0.333333333333333,0.0909090909090909,NA,0,0.666666666666667,1,1,NA,1,NA,NA,0,NA,NA,NA,NA,1,1
"221","in",1,1,0.924528301886792,0.910714285714286,1,0.666666666666667,1,NA,0.5,0.666666666666667,1,1,NA,0,NA,NA,1,NA,NA,NA,NA,1,1
"222","inni",0.5,1,0.849056603773585,0.839285714285714,0.954545454545455,1,1,NA,1,1,1,1,NA,1,NA,NA,1,NA,NA,NA,NA,1,1
"223","inpant",0,0.733333333333333,0.716981132075472,0.714285714285714,0.727272727272727,0.833333333333333,1,NA,1,1,1,1,NA,1,NA,NA,1,NA,NA,NA,NA,1,1
"224","inside",0.5,0.533333333333333,0.849056603773585,0.732142857142857,0.863636363636364,1,1,NA,1,1,1,1,NA,1,NA,NA,1,NA,NA,NA,NA,1,1
"225","insows",0.5,0.533333333333333,0.452830188679245,0.839285714285714,1,1,1,NA,1,1,1,1,NA,1,NA,NA,1,NA,NA,NA,NA,1,1
"226","into",1,0.933333333333333,0.849056603773585,0.946428571428571,0.772727272727273,1,0.909090909090909,NA,0.5,1,1,1,NA,1,NA,NA,1,NA,NA,NA,NA,1,1
"227","invectiress",0.5,0.466666666666667,0.547169811320755,0.589285714285714,0.681818181818182,0.666666666666667,1,NA,1,1,1,1,NA,1,NA,NA,1,NA,NA,NA,NA,1,1
"228","invent",1,0.533333333333333,0.735849056603774,0.678571428571429,0.818181818181818,0.666666666666667,0.727272727272727,NA,0.5,0.333333333333333,1,1,NA,1,NA,NA,1,NA,NA,NA,NA,1,1
"229","investigate",0.5,0.866666666666667,0.471698113207547,0.571428571428571,0.545454545454545,0.833333333333333,1,NA,0,1,1,1,NA,1,NA,NA,1,NA,NA,NA,NA,1,1
"230","ip",0.5,0.533333333333333,0.679245283018868,0.875,0.818181818181818,0.666666666666667,1,NA,0.5,1,1,1,NA,1,NA,NA,1,NA,NA,NA,NA,1,1
"231","is",1,0.6,0.943396226415094,0.892857142857143,0.909090909090909,1,0.909090909090909,NA,1,1,1,1,NA,1,NA,NA,1,NA,NA,NA,NA,0,1
"232","jewel",1,0.8,0.528301886792453,0.803571428571429,0.636363636363636,1,1,NA,0.5,0.666666666666667,1,1,NA,1,NA,NA,1,NA,NA,NA,NA,1,1
"233","jixel",0.5,0.8,0.735849056603774,0.785714285714286,0.954545454545455,1,0.909090909090909,NA,1,1,1,1,NA,1,NA,NA,1,NA,NA,NA,NA,1,1
"234","jostile",1,0.466666666666667,0.716981132075472,0.571428571428571,0.727272727272727,0.666666666666667,1,NA,1,0.333333333333333,1,1,NA,1,NA,NA,1,NA,NA,NA,NA,1,1
"235","jump",0,0.266666666666667,0.886792452830189,0.964285714285714,0.954545454545455,1,1,NA,1,1,1,1,NA,1,NA,NA,1,NA,NA,NA,NA,1,1
"236","just",1,0.933333333333333,0.849056603773585,0.875,0.863636363636364,1,1,NA,1,1,1,1,NA,1,NA,NA,1,NA,NA,NA,NA,1,1
"237","justice",1,0.933333333333333,0.584905660377358,0.910714285714286,0.727272727272727,1,1,NA,1,1,1,1,NA,1,NA,NA,1,NA,NA,NA,NA,1,1
"238","khtna",0.5,0.8,0.792452830188679,0.803571428571429,1,1,1,NA,1,1,1,1,NA,1,NA,NA,1,NA,NA,NA,NA,1,1
"239","kile",0,0.333333333333333,0.490566037735849,0.875,0.909090909090909,1,0.545454545454545,NA,1,1,1,1,NA,1,NA,NA,1,NA,NA,NA,NA,1,1
"240","kind",1,1,0.981132075471698,0.928571428571429,0.863636363636364,1,1,NA,0.5,1,1,1,NA,1,NA,NA,1,NA,NA,NA,NA,1,1
"241","knead",1,0.266666666666667,0.377358490566038,0.821428571428571,0.5,0.666666666666667,0.818181818181818,NA,0,1,1,0,NA,1,NA,NA,1,NA,NA,NA,NA,1,1
"242","knew",1,0.533333333333333,0.867924528301887,0.875,0.954545454545455,1,0.636363636363636,NA,0.5,1,1,1,NA,1,NA,NA,1,NA,NA,NA,NA,1,1
"243","lame",1,0.533333333333333,0.849056603773585,0.767857142857143,0.863636363636364,0.833333333333333,1,NA,1,1,1,1,NA,1,NA,NA,1,NA,NA,NA,NA,1,1
"244","land",1,0.733333333333333,0.773584905660377,0.964285714285714,0.863636363636364,1,1,NA,1,1,1,1,NA,1,NA,NA,1,NA,NA,NA,NA,1,1
"245","lant",0.5,0.466666666666667,0.660377358490566,0.75,0.772727272727273,1,1,NA,0.5,1,1,1,NA,1,NA,NA,1,NA,NA,NA,NA,1,1
"246","lape",0.5,0,0.641509433962264,0.696428571428571,0.590909090909091,1,0.636363636363636,NA,1,0.666666666666667,1,0,NA,1,NA,NA,1,NA,NA,NA,NA,0,1
"247","leald",0.5,0.533333333333333,0.641509433962264,0.732142857142857,0.863636363636364,0.833333333333333,1,NA,0.5,1,1,1,NA,1,NA,NA,1,NA,NA,NA,NA,0,1
"248","learn",1,0.8,0.716981132075472,0.821428571428571,0.772727272727273,0.833333333333333,1,NA,1,1,1,1,NA,1,NA,NA,1,NA,NA,NA,NA,0,1
"249","left",1,0.866666666666667,0.716981132075472,0.910714285714286,1,1,1,NA,1,1,1,1,NA,1,NA,NA,1,NA,NA,NA,NA,1,1
"250","leld",0,0.333333333333333,0.60377358490566,0.696428571428571,0.954545454545455,0.833333333333333,0.818181818181818,NA,0.5,1,1,1,NA,1,NA,NA,1,NA,NA,NA,NA,1,1
"251","liberty",1,0.666666666666667,0.773584905660377,0.696428571428571,1,1,0.818181818181818,NA,0.5,0.666666666666667,1,1,NA,1,NA,NA,1,NA,NA,NA,NA,1,1
"252","library",1,0.666666666666667,0.792452830188679,0.946428571428571,1,1,1,NA,0.5,1,1,1,NA,1,NA,NA,1,NA,NA,NA,NA,1,1
"253","liffs",1,0.666666666666667,0.509433962264151,0.732142857142857,0.681818181818182,1,0.818181818181818,NA,0.5,1,1,1,NA,1,NA,NA,1,NA,NA,NA,NA,1,1
"254","light",0.5,0.866666666666667,0.641509433962264,0.839285714285714,0.954545454545455,1,1,NA,1,1,1,1,NA,1,NA,NA,1,NA,NA,NA,NA,1,1
"255","live",0.5,0.8,0.830188679245283,0.875,0.954545454545455,1,0.818181818181818,NA,1,1,1,1,NA,1,NA,NA,1,NA,NA,NA,NA,1,1
"256","lkoo",0.5,0.933333333333333,0.924528301886792,0.892857142857143,1,0.833333333333333,0.818181818181818,NA,1,1,1,1,NA,1,NA,NA,1,NA,NA,NA,NA,1,1
"257","loak",0,0.4,0.622641509433962,0.660714285714286,0.772727272727273,0.5,0.909090909090909,NA,1,0.666666666666667,1,1,NA,1,NA,NA,1,NA,NA,NA,NA,1,1
"258","loms",0.5,0.666666666666667,0.60377358490566,0.928571428571429,0.954545454545455,1,1,NA,1,1,1,1,NA,1,NA,NA,1,NA,NA,NA,NA,1,1
"259","long",0.5,0.6,0.716981132075472,0.803571428571429,0.909090909090909,1,1,NA,1,1,1,1,NA,1,NA,NA,1,NA,NA,NA,NA,0,1
"260","look",1,0.8,0.830188679245283,0.946428571428571,0.954545454545455,0.833333333333333,1,NA,1,1,1,1,NA,1,NA,NA,1,NA,NA,NA,NA,0,1
"261","losh",0.5,0.4,0.622641509433962,0.910714285714286,0.863636363636364,1,0.909090909090909,NA,1,1,1,1,NA,1,NA,NA,1,NA,NA,NA,NA,1,1
"262","lost",0.5,0.8,0.849056603773585,0.857142857142857,1,1,1,NA,0.5,1,1,1,NA,1,NA,NA,0,NA,NA,NA,NA,1,1
"263","mader",0.5,0.466666666666667,0.415094339622642,0.553571428571429,0.727272727272727,0.666666666666667,0.636363636363636,NA,1,1,1,1,NA,1,NA,NA,1,NA,NA,NA,NA,0,1
"264","man",1,0.933333333333333,0.811320754716981,0.910714285714286,0.818181818181818,0.666666666666667,1,NA,1,1,1,1,NA,1,NA,NA,1,NA,NA,NA,NA,1,1
"265","mannanency",0.5,0.4,0.622641509433962,0.892857142857143,0.909090909090909,0.666666666666667,0.636363636363636,NA,1,0.666666666666667,1,1,NA,1,NA,NA,1,NA,NA,NA,NA,1,1
"266","me",1,1,0.867924528301887,0.910714285714286,1,1,1,NA,1,0.666666666666667,1,1,NA,1,NA,NA,1,NA,NA,NA,NA,1,1
"267","meat",1,0.8,0.773584905660377,0.928571428571429,0.772727272727273,1,1,NA,0.5,1,1,1,NA,1,NA,NA,1,NA,NA,NA,NA,1,1
"268","med",0.5,0.6,0.452830188679245,0.625,0.454545454545455,0.5,0.818181818181818,NA,1,0.666666666666667,1,1,NA,1,NA,NA,0,NA,NA,NA,NA,1,1
"269","mich",1,0.466666666666667,0.415094339622642,0.660714285714286,1,0.833333333333333,0.545454545454545,NA,1,0.666666666666667,1,1,NA,1,NA,NA,1,NA,NA,NA,NA,1,1
"270","milk",1,0.466666666666667,0.754716981132076,0.767857142857143,0.954545454545455,0.833333333333333,0.727272727272727,NA,1,1,1,1,NA,1,NA,NA,1,NA,NA,NA,NA,1,1
"271","miss",1,0.933333333333333,0.849056603773585,0.892857142857143,0.909090909090909,1,1,NA,1,1,1,1,NA,1,NA,NA,1,NA,NA,NA,NA,1,1
"272","mistake",1,0.533333333333333,0.773584905660377,0.928571428571429,0.818181818181818,1,0.727272727272727,NA,1,1,1,1,NA,1,NA,NA,1,NA,NA,NA,NA,1,1
"273","mistive",0.5,0.333333333333333,0.377358490566038,0.678571428571429,0.727272727272727,0.5,1,NA,0.5,0.333333333333333,1,0,NA,1,NA,NA,1,NA,NA,NA,NA,1,1
"274","molent",0,0.8,0.735849056603774,0.625,0.863636363636364,0.5,1,NA,1,1,1,1,NA,1,NA,NA,1,NA,NA,NA,NA,1,1
"275","molk",0.5,0.6,0.641509433962264,0.910714285714286,0.772727272727273,0.666666666666667,0.727272727272727,NA,1,1,1,1,NA,1,NA,NA,1,NA,NA,NA,NA,1,1
"276","money",1,0.666666666666667,0.754716981132076,0.803571428571429,0.863636363636364,1,1,NA,1,1,1,1,NA,1,NA,NA,1,NA,NA,NA,NA,0,1
"277","moon",1,0.933333333333333,0.886792452830189,0.928571428571429,0.818181818181818,1,1,NA,1,0.666666666666667,1,1,NA,1,NA,NA,1,NA,NA,NA,NA,1,1
"278","moop",0.5,0.533333333333333,0.622641509433962,0.553571428571429,0.818181818181818,0.833333333333333,0.909090909090909,NA,0.5,0.666666666666667,1,1,NA,1,NA,NA,1,NA,NA,NA,NA,1,1
"279","more",1,0.6,0.792452830188679,0.910714285714286,0.954545454545455,1,1,NA,1,1,1,1,NA,1,NA,NA,1,NA,NA,NA,NA,1,1
"280","morning",1,0.466666666666667,0.773584905660377,0.839285714285714,1,1,1,NA,1,1,1,1,NA,1,NA,NA,1,NA,NA,NA,NA,1,1
"281","mot",0.5,0.666666666666667,0.716981132075472,0.892857142857143,0.772727272727273,1,1,NA,1,1,1,1,NA,1,NA,NA,1,NA,NA,NA,NA,1,1
"282","mout",0.5,0.733333333333333,0.471698113207547,0.714285714285714,0.772727272727273,0.833333333333333,0.818181818181818,NA,1,1,1,1,NA,1,NA,NA,1,NA,NA,NA,NA,1,1
"283","mpju",1,0.8,0.773584905660377,0.964285714285714,0.909090909090909,1,1,NA,1,1,1,1,NA,1,NA,NA,1,NA,NA,NA,NA,1,1
"284","mun",0.5,0.733333333333333,0.849056603773585,0.75,0.818181818181818,1,1,NA,1,1,1,1,NA,1,NA,NA,1,NA,NA,NA,NA,1,1
"285","must",0.5,0.733333333333333,0.867924528301887,0.785714285714286,0.863636363636364,0.833333333333333,0.727272727272727,NA,1,1,1,1,NA,1,NA,NA,1,NA,NA,NA,NA,1,1
"286","my",1,1,0.924528301886792,0.910714285714286,0.954545454545455,1,0.818181818181818,NA,1,1,1,1,NA,1,NA,NA,1,NA,NA,NA,NA,1,1
"287","mystery",1,0.866666666666667,0.60377358490566,0.857142857142857,0.863636363636364,1,0.909090909090909,NA,1,1,1,1,NA,1,NA,NA,1,NA,NA,NA,NA,1,1
"288","na",1,0.866666666666667,0.811320754716981,1,0.863636363636364,1,0.909090909090909,NA,1,1,1,1,NA,1,NA,NA,1,NA,NA,NA,NA,1,1
"289","nap",1,0.533333333333333,0.641509433962264,0.892857142857143,0.863636363636364,0.666666666666667,0.727272727272727,NA,1,1,1,1,NA,1,NA,NA,1,NA,NA,NA,NA,1,1
"290","napery",0.5,0.2,0.339622641509434,0.196428571428571,0.181818181818182,0.166666666666667,0,NA,0,0,0,0,NA,0,NA,NA,0,NA,NA,NA,NA,0,0
"291","natural",0,0.8,0.811320754716981,0.821428571428571,1,1,0.909090909090909,NA,0.5,1,1,1,NA,1,NA,NA,1,NA,NA,NA,NA,1,1
"292","naw",1,0.533333333333333,0.490566037735849,0.625,0.818181818181818,1,0.909090909090909,NA,0.5,1,1,1,NA,1,NA,NA,1,NA,NA,NA,NA,0,1
"293","need",1,0.6,0.905660377358491,0.892857142857143,0.909090909090909,1,0.818181818181818,NA,1,1,1,1,NA,1,NA,NA,1,NA,NA,NA,NA,1,1
"294","never",1,0.733333333333333,0.849056603773585,0.964285714285714,0.954545454545455,1,1,NA,1,1,1,1,NA,1,NA,NA,1,NA,NA,NA,NA,1,1
"295","new",0.5,0.6,0.867924528301887,0.946428571428571,0.954545454545455,1,1,NA,1,1,1,1,NA,0,NA,NA,1,NA,NA,NA,NA,1,1
"296","nied",0.5,0.666666666666667,0.490566037735849,0.803571428571429,0.909090909090909,0.833333333333333,0.636363636363636,NA,0.5,1,1,1,NA,1,NA,NA,1,NA,NA,NA,NA,1,1
"297","no",0.5,0.8,0.773584905660377,0.910714285714286,0.818181818181818,1,0.545454545454545,NA,1,1,1,1,NA,0,NA,NA,1,NA,NA,NA,NA,1,1
"298","nop",0.5,0.533333333333333,0.811320754716981,0.75,0.772727272727273,1,0.818181818181818,NA,0.5,1,1,1,NA,1,NA,NA,1,NA,NA,NA,NA,1,1
"299","nuder",0.5,0.533333333333333,0.547169811320755,0.803571428571429,0.954545454545455,0.833333333333333,1,NA,1,1,1,1,NA,1,NA,NA,1,NA,NA,NA,NA,1,1
"300","number",0.5,0.866666666666667,0.754716981132076,0.767857142857143,0.909090909090909,0.833333333333333,1,NA,1,1,1,1,NA,1,NA,NA,1,NA,NA,NA,NA,1,1
"301","nurger",0.5,1,0.735849056603774,0.857142857142857,0.727272727272727,0.833333333333333,0.909090909090909,NA,0.5,1,1,0,NA,1,NA,NA,1,NA,NA,NA,NA,1,1
"302","oban",0.5,0.733333333333333,0.660377358490566,0.803571428571429,1,0.833333333333333,0.909090909090909,NA,1,1,1,1,NA,1,NA,NA,1,NA,NA,NA,NA,1,1
"303","oenc",0.5,0.2,0.735849056603774,0.892857142857143,1,1,0.818181818181818,NA,1,1,1,1,NA,1,NA,NA,1,NA,NA,NA,NA,1,1
"304","of",0.5,0.933333333333333,0.792452830188679,0.767857142857143,1,1,0.909090909090909,NA,1,1,1,1,NA,1,NA,NA,1,NA,NA,NA,NA,1,1
"305","office",1,0.666666666666667,0.773584905660377,0.910714285714286,0.954545454545455,0.833333333333333,1,NA,1,1,1,1,NA,1,NA,NA,1,NA,NA,NA,NA,1,1
"306","old",1,0.8,0.830188679245283,0.910714285714286,0.818181818181818,1,0.727272727272727,NA,1,1,1,1,NA,1,NA,NA,1,NA,NA,NA,NA,0,1
"307","om",1,0.533333333333333,0.716981132075472,0.946428571428571,1,1,1,NA,0.5,1,1,1,NA,1,NA,NA,1,NA,NA,NA,NA,1,1
"308","on",1,0.6,0.792452830188679,0.839285714285714,0.863636363636364,1,0.727272727272727,NA,1,1,1,1,NA,1,NA,NA,1,NA,NA,NA,NA,1,1
"309","once",1,0.933333333333333,0.754716981132076,0.803571428571429,0.909090909090909,1,1,NA,1,1,1,1,NA,1,NA,NA,1,NA,NA,NA,NA,1,1
"310","only",1,0.466666666666667,0.886792452830189,0.982142857142857,1,1,1,NA,1,0.666666666666667,1,0,NA,1,NA,NA,1,NA,NA,NA,NA,1,1
"311","open",0.5,0.8,0.886792452830189,0.821428571428571,0.954545454545455,1,1,NA,1,1,1,1,NA,1,NA,NA,1,NA,NA,NA,NA,1,1
"312","orn",0.5,0.6,0.773584905660377,0.964285714285714,0.954545454545455,1,0.909090909090909,NA,1,1,1,1,NA,1,NA,NA,1,NA,NA,NA,NA,0,1
"313","os",1,0.733333333333333,0.811320754716981,0.928571428571429,0.909090909090909,1,1,NA,1,1,1,1,NA,1,NA,NA,1,NA,NA,NA,NA,1,1
"314","ot",1,0.933333333333333,0.754716981132076,0.964285714285714,0.954545454545455,1,1,NA,0.5,1,1,1,NA,1,NA,NA,1,NA,NA,NA,NA,1,1
"315","other",1,0.8,0.716981132075472,0.767857142857143,0.909090909090909,1,0.818181818181818,NA,1,1,1,1,NA,1,NA,NA,1,NA,NA,NA,NA,1,1
"316","overtruan",0.5,0.133333333333333,0.584905660377358,0.535714285714286,0.772727272727273,1,1,NA,0.5,0.666666666666667,1,1,NA,1,NA,NA,1,NA,NA,NA,NA,1,1
"317","overwhelm",1,0.266666666666667,0.716981132075472,0.5,0.818181818181818,0.833333333333333,0.454545454545455,NA,0.5,1,1,1,NA,0,NA,NA,1,NA,NA,NA,NA,1,1
"318","pame",0.5,0.533333333333333,0.679245283018868,0.642857142857143,0.954545454545455,0.833333333333333,0.636363636363636,NA,0.5,1,1,1,NA,1,NA,NA,1,NA,NA,NA,NA,1,1
"319","paper",1,0.933333333333333,0.679245283018868,0.857142857142857,0.909090909090909,1,0.909090909090909,NA,1,1,1,1,NA,1,NA,NA,1,NA,NA,NA,NA,1,1
"320","part",1,0.733333333333333,0.867924528301887,0.892857142857143,0.818181818181818,1,1,NA,0.5,1,1,1,NA,1,NA,NA,0,NA,NA,NA,NA,1,1
"321","peace",1,0.8,0.566037735849057,0.964285714285714,0.863636363636364,1,1,NA,1,1,1,1,NA,1,NA,NA,1,NA,NA,NA,NA,1,1
"322","pealt",0.5,0.666666666666667,0.509433962264151,0.553571428571429,0.727272727272727,0.833333333333333,0.818181818181818,NA,0.5,1,1,1,NA,1,NA,NA,1,NA,NA,NA,NA,1,1
"323","pencil",1,0.466666666666667,0.792452830188679,0.821428571428571,0.818181818181818,0.833333333333333,0.818181818181818,NA,1,1,1,1,NA,1,NA,NA,1,NA,NA,NA,NA,0,1
"324","people",1,1,0.735849056603774,1,1,0.833333333333333,1,NA,1,1,1,1,NA,1,NA,NA,1,NA,NA,NA,NA,1,1
"325","permanency",1,0.8,0.452830188679245,0.392857142857143,0.545454545454545,1,0.454545454545455,NA,0.5,1,1,1,NA,1,NA,NA,1,NA,NA,NA,NA,0,1
"326","phlere",0.5,1,0.716981132075472,0.821428571428571,0.863636363636364,0.666666666666667,1,NA,1,1,1,1,NA,1,NA,NA,1,NA,NA,NA,NA,1,1
"327","pickle",0.5,0.666666666666667,0.830188679245283,0.767857142857143,0.909090909090909,1,0.909090909090909,NA,1,1,1,1,NA,1,NA,NA,1,NA,NA,NA,NA,1,1
"328","piscil",0.5,0.733333333333333,0.792452830188679,0.803571428571429,0.954545454545455,0.666666666666667,0.818181818181818,NA,1,1,1,1,NA,1,NA,NA,1,NA,NA,NA,NA,1,1
"329","place",1,0.466666666666667,0.679245283018868,0.982142857142857,1,1,1,NA,1,1,1,0,NA,1,NA,NA,1,NA,NA,NA,NA,1,1
"330","plane",1,0.733333333333333,0.811320754716981,0.857142857142857,1,1,1,NA,1,1,1,1,NA,1,NA,NA,1,NA,NA,NA,NA,1,1
"331","play",0.5,0.866666666666667,0.981132075471698,0.964285714285714,1,1,1,NA,1,1,1,1,NA,1,NA,NA,1,NA,NA,NA,NA,1,1
"332","plays",1,0.733333333333333,0.792452830188679,1,1,1,1,NA,1,1,1,1,NA,1,NA,NA,1,NA,NA,NA,NA,1,1
"333","pledge",0.5,0.2,0.773584905660377,0.553571428571429,0.636363636363636,0.833333333333333,1,NA,1,1,1,1,NA,1,NA,NA,0,NA,NA,NA,NA,1,1
"334","pocorism",0.5,0.933333333333333,0.584905660377358,0.892857142857143,1,1,1,NA,0.5,1,1,1,NA,1,NA,NA,1,NA,NA,NA,NA,1,1
"335","polarize",0.5,0.6,0.415094339622642,0.267857142857143,0.363636363636364,0.666666666666667,0.636363636363636,NA,0,1,1,0,NA,1,NA,NA,1,NA,NA,NA,NA,1,1
"336","pon",0.5,0.866666666666667,0.792452830188679,0.946428571428571,0.909090909090909,1,1,NA,1,1,1,1,NA,1,NA,NA,1,NA,NA,NA,NA,1,1
"337","pop",1,0.733333333333333,0.905660377358491,0.839285714285714,0.909090909090909,0.666666666666667,0.454545454545455,NA,0.5,1,1,0,NA,1,NA,NA,1,NA,NA,NA,NA,1,1
"338","potent",0,0.466666666666667,0.339622641509434,0.535714285714286,0.545454545454545,0.5,0.636363636363636,NA,0.5,1,1,1,NA,1,NA,NA,0,NA,NA,NA,NA,1,1
"339","power",0.5,0.8,0.811320754716981,0.964285714285714,0.954545454545455,1,0.909090909090909,NA,1,0.666666666666667,1,1,NA,1,NA,NA,1,NA,NA,NA,NA,1,1
"340","pretty",1,0.733333333333333,0.679245283018868,0.875,0.954545454545455,1,1,NA,1,1,1,1,NA,1,NA,NA,1,NA,NA,NA,NA,1,1
"341","pumer",0.5,0.333333333333333,0.584905660377358,0.785714285714286,0.727272727272727,0.666666666666667,0.636363636363636,NA,1,1,1,0,NA,1,NA,NA,1,NA,NA,NA,NA,1,1
"342","purchase",0.5,0.8,0.754716981132076,0.732142857142857,0.681818181818182,0.833333333333333,1,NA,1,1,1,1,NA,1,NA,NA,1,NA,NA,NA,NA,1,1
"343","purshare",0.5,0.466666666666667,0.660377358490566,0.678571428571429,0.772727272727273,0.333333333333333,0.636363636363636,NA,0.5,0.666666666666667,1,1,NA,1,NA,NA,0,NA,NA,NA,NA,1,1
"344","qualify",0.5,0.466666666666667,0.547169811320755,0.357142857142857,0.545454545454545,0.833333333333333,0.636363636363636,NA,1,1,1,1,NA,1,NA,NA,1,NA,NA,NA,NA,1,1
"345","quen",1,0.933333333333333,0.547169811320755,0.875,0.681818181818182,0.833333333333333,0.818181818181818,NA,1,0.666666666666667,1,1,NA,1,NA,NA,1,NA,NA,NA,NA,1,1
"346","question",0.5,0.533333333333333,0.773584905660377,0.857142857142857,1,1,0.818181818181818,NA,1,1,1,1,NA,1,NA,NA,1,NA,NA,NA,NA,1,1
"347","rackle",0,0.133333333333333,0.528301886792453,0.625,0.590909090909091,0.5,0.545454545454545,NA,1,0.666666666666667,1,1,NA,1,NA,NA,0,NA,NA,NA,NA,0,1
"348","rebosks",1,0.733333333333333,0.811320754716981,0.714285714285714,1,0.666666666666667,1,NA,1,1,1,1,NA,1,NA,NA,1,NA,NA,NA,NA,1,1
"349","recorse",0.5,0.733333333333333,0.471698113207547,0.571428571428571,0.409090909090909,0.5,0.363636363636364,NA,0.5,0.666666666666667,1,1,NA,1,NA,NA,1,NA,NA,NA,NA,0,0
"350","red",1,0.733333333333333,0.867924528301887,0.892857142857143,0.863636363636364,0.833333333333333,0.818181818181818,NA,1,1,1,1,NA,1,NA,NA,1,NA,NA,NA,NA,1,1
"351","reeh",0,0.333333333333333,0.773584905660377,0.964285714285714,0.954545454545455,0.833333333333333,0.909090909090909,NA,1,1,1,1,NA,1,NA,NA,1,NA,NA,NA,NA,1,1
"352","repress",0.5,0.2,0.490566037735849,0.732142857142857,0.318181818181818,0.666666666666667,0.545454545454545,NA,0.5,0.333333333333333,1,1,NA,1,NA,NA,1,NA,NA,NA,NA,0,1
"353","rescets",0.5,0.266666666666667,0.584905660377358,0.446428571428571,0.818181818181818,0.833333333333333,0.909090909090909,NA,0,0.666666666666667,1,1,NA,1,NA,NA,1,NA,NA,NA,NA,1,1
"354","resolve",0.5,0.466666666666667,0.622641509433962,0.482142857142857,0.818181818181818,1,1,NA,0.5,1,1,1,NA,1,NA,NA,1,NA,NA,NA,NA,1,1
"355","reverse",0.5,0.8,0.528301886792453,0.678571428571429,0.909090909090909,1,1,NA,1,1,1,1,NA,1,NA,NA,1,NA,NA,NA,NA,1,1
"356","ridicule",0.5,0.333333333333333,0.30188679245283,0.25,0.5,0.5,0.181818181818182,NA,0,1,1,1,NA,1,NA,NA,1,NA,NA,NA,NA,1,1
"357","river",1,0.866666666666667,0.830188679245283,0.839285714285714,0.954545454545455,1,0.818181818181818,NA,1,1,1,1,NA,1,NA,NA,1,NA,NA,NA,NA,1,1
"358","ro",0,0.6,0.830188679245283,0.910714285714286,0.863636363636364,0.833333333333333,1,NA,1,1,1,1,NA,1,NA,NA,1,NA,NA,NA,NA,1,1
"359","roder",0.5,0.533333333333333,0.433962264150943,0.607142857142857,0.863636363636364,0.5,0.818181818181818,NA,1,0.666666666666667,1,1,NA,1,NA,NA,1,NA,NA,NA,NA,1,1
"360","round",1,0.333333333333333,0.69811320754717,0.910714285714286,1,0.833333333333333,1,NA,1,1,1,1,NA,1,NA,NA,1,NA,NA,NA,NA,1,1
"361","runey",0,0.733333333333333,0.566037735849057,0.714285714285714,1,0.833333333333333,0.727272727272727,NA,1,1,1,1,NA,1,NA,NA,1,NA,NA,NA,NA,1,1
"362","ruticole",0,0.8,0.735849056603774,0.821428571428571,0.727272727272727,0.5,1,NA,1,1,1,1,NA,1,NA,NA,1,NA,NA,NA,NA,1,1
"363","sail",0.5,0.733333333333333,0.566037735849057,0.910714285714286,1,0.833333333333333,0.818181818181818,NA,1,1,1,0,NA,1,NA,NA,1,NA,NA,NA,NA,0,1
"364","sain",0,0.266666666666667,0.660377358490566,0.482142857142857,0.636363636363636,0.5,0.636363636363636,NA,1,0.666666666666667,1,1,NA,1,NA,NA,1,NA,NA,NA,NA,1,1
"365","sausage",0.5,0.466666666666667,0.433962264150943,0.660714285714286,0.863636363636364,0.833333333333333,0.545454545454545,NA,0,0.666666666666667,1,1,NA,1,NA,NA,1,NA,NA,NA,NA,1,1
"366","scays",0.5,0.266666666666667,0.622641509433962,0.785714285714286,0.863636363636364,1,0.909090909090909,NA,1,1,1,1,NA,1,NA,NA,1,NA,NA,NA,NA,1,1
"367","seadrill",0,0.4,0.509433962264151,0.535714285714286,0.863636363636364,0.333333333333333,0.909090909090909,NA,0.5,0.666666666666667,1,1,NA,0,NA,NA,0,NA,NA,NA,NA,0,1
"368","seashell",1,0.8,0.716981132075472,0.839285714285714,0.636363636363636,1,0.818181818181818,NA,1,1,1,1,NA,1,NA,NA,1,NA,NA,NA,NA,1,1
"369","see",1,0.6,0.792452830188679,0.910714285714286,0.954545454545455,0.833333333333333,0.909090909090909,NA,1,1,1,0,NA,0,NA,NA,1,NA,NA,NA,NA,0,1
"370","serning",0,0.733333333333333,0.641509433962264,0.482142857142857,0.727272727272727,0.666666666666667,0.818181818181818,NA,0.5,0.666666666666667,1,1,NA,1,NA,NA,1,NA,NA,NA,NA,1,1
"371","she",1,0.533333333333333,0.735849056603774,1,0.954545454545455,1,0.636363636363636,NA,1,1,1,1,NA,1,NA,NA,1,NA,NA,NA,NA,0,1
"372","sheas",0.5,0.466666666666667,0.641509433962264,0.767857142857143,0.909090909090909,1,0.727272727272727,NA,0.5,1,1,1,NA,1,NA,NA,1,NA,NA,NA,NA,1,1
"373","shine",0.5,0.533333333333333,0.830188679245283,0.892857142857143,0.727272727272727,0.833333333333333,0.818181818181818,NA,1,1,1,1,NA,1,NA,NA,1,NA,NA,NA,NA,1,1
"374","shink",0,0.266666666666667,0.30188679245283,0.357142857142857,0.727272727272727,0.5,0.727272727272727,NA,1,0.666666666666667,1,1,NA,1,NA,NA,0,NA,NA,NA,NA,1,1
"375","shoes",0.5,0.8,0.886792452830189,0.821428571428571,0.909090909090909,1,1,NA,0,1,1,1,NA,1,NA,NA,1,NA,NA,NA,NA,1,1
"376","sholt",0.5,0.6,0.660377358490566,0.785714285714286,0.590909090909091,0.333333333333333,0.818181818181818,NA,1,1,1,1,NA,1,NA,NA,1,NA,NA,NA,NA,1,1
"377","short",1,0.6,0.754716981132076,0.839285714285714,0.909090909090909,1,1,NA,0.5,1,1,1,NA,1,NA,NA,1,NA,NA,NA,NA,0,1
"378","shotty",0,0.733333333333333,0.60377358490566,0.571428571428571,0.818181818181818,0.833333333333333,0.818181818181818,NA,1,0.333333333333333,1,1,NA,1,NA,NA,1,NA,NA,NA,NA,1,1
"379","shring",0,0.533333333333333,0.415094339622642,0.821428571428571,0.727272727272727,0.833333333333333,0.818181818181818,NA,1,0.666666666666667,1,1,NA,1,NA,NA,1,NA,NA,NA,NA,0,1
"380","sick",1,0.666666666666667,0.849056603773585,0.785714285714286,0.863636363636364,1,1,NA,1,1,1,1,NA,1,NA,NA,1,NA,NA,NA,NA,1,1
"381","sids",0,0.666666666666667,0.377358490566038,0.785714285714286,0.727272727272727,0.666666666666667,0.545454545454545,NA,0.5,1,1,1,NA,1,NA,NA,1,NA,NA,NA,NA,1,1
"382","signal",0.5,0.666666666666667,0.754716981132076,0.875,1,0.666666666666667,1,NA,0.5,1,1,1,NA,1,NA,NA,0,NA,NA,NA,NA,1,1
"383","signaller",1,0.533333333333333,0.60377358490566,0.5,0.409090909090909,0.666666666666667,0.0909090909090909,NA,0,1,0,0,NA,0,NA,NA,0,NA,NA,NA,NA,0,1
"384","sildal",0.5,0.666666666666667,0.566037735849057,0.803571428571429,0.818181818181818,1,0.818181818181818,NA,1,1,1,1,NA,1,NA,NA,1,NA,NA,NA,NA,1,1
"385","sing",1,1,0.735849056603774,0.928571428571429,0.954545454545455,1,1,NA,1,0.666666666666667,1,1,NA,1,NA,NA,1,NA,NA,NA,NA,1,1
"386","sint",0.5,0.333333333333333,0.584905660377358,0.857142857142857,0.818181818181818,0.666666666666667,1,NA,1,1,1,1,NA,1,NA,NA,1,NA,NA,NA,NA,1,1
"387","skateboard",1,0.666666666666667,0.792452830188679,0.946428571428571,0.863636363636364,1,1,NA,1,1,1,1,NA,1,NA,NA,1,NA,NA,NA,NA,1,1
"388","slace",0,0.2,0.566037735849057,0.732142857142857,0.727272727272727,1,0.909090909090909,NA,0.5,0.666666666666667,1,1,NA,1,NA,NA,1,NA,NA,NA,NA,1,1
"389","slellen",0.5,0.6,0.584905660377358,0.910714285714286,0.772727272727273,1,0.909090909090909,NA,1,1,1,1,NA,1,NA,NA,1,NA,NA,NA,NA,1,1
"390","slit",0.5,0.533333333333333,0.735849056603774,0.339285714285714,0.454545454545455,0.666666666666667,0.272727272727273,NA,0,1,1,1,NA,1,NA,NA,1,NA,NA,NA,NA,0,0
"391","snose",0,0.533333333333333,0.490566037735849,0.464285714285714,0.772727272727273,0.833333333333333,0.909090909090909,NA,1,0.666666666666667,1,1,NA,1,NA,NA,0,NA,NA,NA,NA,1,1
"392","so",1,0.733333333333333,0.811320754716981,0.875,0.727272727272727,0.833333333333333,1,NA,1,1,1,1,NA,1,NA,NA,1,NA,NA,NA,NA,1,1
"393","sobsaller",0.5,0.733333333333333,0.69811320754717,0.875,1,0.666666666666667,0.818181818181818,NA,1,1,1,1,NA,1,NA,NA,1,NA,NA,NA,NA,1,1
"394","some",1,1,0.735849056603774,0.928571428571429,1,0.666666666666667,0.818181818181818,NA,1,1,1,1,NA,1,NA,NA,1,NA,NA,NA,NA,0,1
"395","soth",0,0.2,0.283018867924528,0.767857142857143,0.545454545454545,1,0.454545454545455,NA,0.5,0.666666666666667,1,1,NA,1,NA,NA,1,NA,NA,NA,NA,1,1
"396","sould",0.5,0.533333333333333,0.547169811320755,0.196428571428571,0.590909090909091,0.666666666666667,0.454545454545455,NA,0.5,0.333333333333333,1,0,NA,1,NA,NA,1,NA,NA,NA,NA,1,1
"397","space",1,0.6,0.754716981132076,0.910714285714286,0.954545454545455,1,0.818181818181818,NA,1,1,1,1,NA,1,NA,NA,1,NA,NA,NA,NA,1,1
"398","spat",0.5,0.133333333333333,0.69811320754717,0.464285714285714,0.318181818181818,0.166666666666667,0.454545454545455,NA,0.5,0.666666666666667,0,1,NA,0,NA,NA,0,NA,NA,NA,NA,0,0
"399","special",1,0.933333333333333,0.867924528301887,0.875,1,0.666666666666667,0.909090909090909,NA,1,1,1,1,NA,1,NA,NA,1,NA,NA,NA,NA,1,1
"400","spell",1,0.6,0.660377358490566,0.910714285714286,0.681818181818182,1,0.909090909090909,NA,1,1,1,1,NA,1,NA,NA,1,NA,NA,NA,NA,1,1
"401","speveal",0.5,0.733333333333333,0.584905660377358,0.785714285714286,0.818181818181818,1,0.818181818181818,NA,0.5,1,1,1,NA,1,NA,NA,1,NA,NA,NA,NA,1,1
"402","sphere",0.5,0.733333333333333,0.509433962264151,0.482142857142857,0.590909090909091,0.666666666666667,0.454545454545455,NA,0,0.666666666666667,1,0,NA,1,NA,NA,1,NA,NA,NA,NA,1,1
"403","spoll",0,0.866666666666667,0.622641509433962,0.642857142857143,0.863636363636364,0.833333333333333,0.727272727272727,NA,1,1,1,1,NA,1,NA,NA,1,NA,NA,NA,NA,1,1
"404","spring",1,0.666666666666667,0.754716981132076,0.857142857142857,1,1,1,NA,1,1,1,1,NA,1,NA,NA,1,NA,NA,NA,NA,1,0
"405","spu",0.5,0.6,0.735849056603774,0.875,0.954545454545455,1,1,NA,1,1,1,1,NA,1,NA,NA,1,NA,NA,NA,NA,1,1
"406","spuer",0,1,0.660377358490566,0.803571428571429,0.818181818181818,0.666666666666667,1,NA,1,1,1,1,NA,1,NA,NA,1,NA,NA,NA,NA,1,1
"407","spy",1,0.466666666666667,0.886792452830189,0.839285714285714,0.863636363636364,0.833333333333333,1,NA,0.5,1,1,1,NA,1,NA,NA,1,NA,NA,NA,NA,1,1
"408","stail",0.5,0.666666666666667,0.150943396226415,0.321428571428571,0.545454545454545,0.166666666666667,0.636363636363636,NA,0.5,0.666666666666667,1,0,NA,1,NA,NA,1,NA,NA,NA,NA,0,1
"409","stain",0.5,0.733333333333333,0.754716981132076,0.75,1,1,0.636363636363636,NA,1,1,1,1,NA,1,NA,NA,1,NA,NA,NA,NA,1,1
"410","stamp",1,0.933333333333333,0.60377358490566,0.875,0.863636363636364,1,1,NA,1,1,1,0,NA,1,NA,NA,1,NA,NA,NA,NA,1,1
"411","stass",0.5,0.533333333333333,0.660377358490566,0.660714285714286,0.772727272727273,0.833333333333333,0.454545454545455,NA,0.5,1,1,0,NA,1,NA,NA,1,NA,NA,NA,NA,1,1
"412","ston",0,1,0.735849056603774,0.660714285714286,0.772727272727273,1,0.636363636363636,NA,1,1,1,1,NA,1,NA,NA,1,NA,NA,NA,NA,1,1
"413","stop",0.5,0.933333333333333,0.962264150943396,1,1,1,1,NA,0.5,1,1,1,NA,1,NA,NA,1,NA,NA,NA,NA,1,1
"414","strange",0.5,0.933333333333333,0.811320754716981,0.732142857142857,0.863636363636364,1,0.727272727272727,NA,1,1,1,1,NA,1,NA,NA,1,NA,NA,NA,NA,1,1
"415","strarms",0,0.333333333333333,0.584905660377358,0.535714285714286,0.681818181818182,0.666666666666667,0.909090909090909,NA,1,1,1,1,NA,1,NA,NA,1,NA,NA,NA,NA,1,1
"416","streat",0,0.466666666666667,0.509433962264151,0.25,0.5,0.5,0.545454545454545,NA,0.5,0.666666666666667,1,1,NA,1,NA,NA,1,NA,NA,NA,NA,1,1
"417","street",0.5,0.666666666666667,0.679245283018868,0.928571428571429,0.863636363636364,0.833333333333333,1,NA,1,1,1,1,NA,1,NA,NA,1,NA,NA,NA,NA,1,1
"418","strong",0.5,0.533333333333333,0.849056603773585,0.857142857142857,0.863636363636364,1,1,NA,1,1,1,1,NA,1,NA,NA,1,NA,NA,NA,NA,0,1
"419","strosh",1,0.266666666666667,0.433962264150943,0.785714285714286,0.772727272727273,1,0.818181818181818,NA,1,1,1,1,NA,1,NA,NA,1,NA,NA,NA,NA,1,1
"420","sudsage",0.5,0.733333333333333,0.584905660377358,0.732142857142857,0.818181818181818,0.833333333333333,0.909090909090909,NA,1,1,1,1,NA,1,NA,NA,1,NA,NA,NA,NA,1,1
"421","sun",1,0.8,0.754716981132076,0.821428571428571,0.954545454545455,1,1,NA,1,0.666666666666667,1,1,NA,1,NA,NA,1,NA,NA,NA,NA,1,1
"422","swane",0.5,0.666666666666667,0.566037735849057,0.589285714285714,0.818181818181818,0.666666666666667,0.818181818181818,NA,1,0.666666666666667,1,1,NA,1,NA,NA,1,NA,NA,NA,NA,1,1
"423","swollen",1,0.333333333333333,0.528301886792453,0.553571428571429,0.636363636363636,0.833333333333333,1,NA,0,1,1,0,NA,1,NA,NA,1,NA,NA,NA,NA,0,1
"424","take",1,0.6,0.792452830188679,0.767857142857143,0.954545454545455,1,1,NA,1,1,1,1,NA,1,NA,NA,0,NA,NA,NA,NA,1,1
"425","tascer",1,0.533333333333333,0.584905660377358,0.75,0.772727272727273,0.833333333333333,1,NA,0.5,1,1,1,NA,1,NA,NA,1,NA,NA,NA,NA,1,1
"426","tate",0.5,0.6,0.566037735849057,0.75,0.954545454545455,0.833333333333333,0.636363636363636,NA,1,1,1,1,NA,1,NA,NA,1,NA,NA,NA,NA,1,1
"427","te",0.5,0.8,0.679245283018868,0.964285714285714,0.772727272727273,1,0.909090909090909,NA,1,1,1,0,NA,1,NA,NA,1,NA,NA,NA,NA,1,1
"428","telechinct",0,0.533333333333333,0.622641509433962,0.839285714285714,0.954545454545455,0.666666666666667,0.818181818181818,NA,1,1,1,0,NA,1,NA,NA,1,NA,NA,NA,NA,1,1
"429","telescoped",0.5,0.666666666666667,0.584905660377358,0.625,0.5,0.666666666666667,0.636363636363636,NA,0.5,0.333333333333333,1,1,NA,0,NA,NA,1,NA,NA,NA,NA,0,1
"430","testify",0.5,0.666666666666667,0.283018867924528,0.410714285714286,0.5,1,0.818181818181818,NA,1,1,1,1,NA,1,NA,NA,1,NA,NA,NA,NA,1,1
"431","tfaer",0.5,0.8,0.641509433962264,0.857142857142857,0.863636363636364,1,0.818181818181818,NA,1,1,1,1,NA,1,NA,NA,1,NA,NA,NA,NA,1,1
"432","tha",0.5,0.6,0.773584905660377,0.892857142857143,0.863636363636364,0.833333333333333,0.818181818181818,NA,0.5,1,1,1,NA,1,NA,NA,1,NA,NA,NA,NA,1,1
"433","thank",1,0.8,0.830188679245283,0.857142857142857,0.954545454545455,1,1,NA,1,1,1,1,NA,1,NA,NA,1,NA,NA,NA,NA,1,1
"434","thantboard",0.5,1,0.60377358490566,0.785714285714286,0.863636363636364,1,1,NA,1,1,1,1,NA,1,NA,NA,1,NA,NA,NA,NA,1,1
"435","the",0.5,0.733333333333333,0.811320754716981,0.875,0.954545454545455,1,1,NA,0.5,1,1,1,NA,1,NA,NA,1,NA,NA,NA,NA,1,1
"436","them",1,0.733333333333333,0.867924528301887,0.928571428571429,1,1,1,NA,1,1,1,1,NA,1,NA,NA,1,NA,NA,NA,NA,1,1
"437","then",0,0.933333333333333,0.886792452830189,0.910714285714286,0.863636363636364,0.833333333333333,0.818181818181818,NA,1,1,1,1,NA,1,NA,NA,1,NA,NA,NA,NA,1,1
"438","ther",0.5,0.2,0.754716981132076,0.821428571428571,0.636363636363636,0.833333333333333,0.545454545454545,NA,1,1,1,1,NA,1,NA,NA,1,NA,NA,NA,NA,1,1
"439","think",1,0.933333333333333,0.773584905660377,0.839285714285714,1,1,1,NA,1,1,1,1,NA,1,NA,NA,1,NA,NA,NA,NA,1,1
"440","through",1,0.733333333333333,0.69811320754717,0.857142857142857,1,0.833333333333333,1,NA,1,1,1,1,NA,1,NA,NA,1,NA,NA,NA,NA,1,1
"441","tice",0.5,0.8,0.566037735849057,0.5,0.636363636363636,1,0.818181818181818,NA,0.5,1,1,1,NA,1,NA,NA,1,NA,NA,NA,NA,1,1
"442","time",0.5,1,0.735849056603774,0.910714285714286,0.863636363636364,1,1,NA,1,1,1,1,NA,1,NA,NA,1,NA,NA,NA,NA,1,1
"443","timelly",0.5,0.6,0.60377358490566,0.571428571428571,0.545454545454545,0.833333333333333,0.454545454545455,NA,0.5,0,1,1,NA,1,NA,NA,1,NA,NA,NA,NA,1,1
"444","tister",0.5,0.533333333333333,0.547169811320755,0.660714285714286,0.727272727272727,1,0.909090909090909,NA,1,1,1,1,NA,1,NA,NA,1,NA,NA,NA,NA,1,1
"445","tok",0.5,0.733333333333333,0.622641509433962,0.964285714285714,0.909090909090909,0.833333333333333,1,NA,1,1,1,1,NA,1,NA,NA,1,NA,NA,NA,NA,1,1
"446","totoseneian",1,1,0.679245283018868,0.696428571428571,1,0.833333333333333,0.818181818181818,NA,1,1,1,1,NA,1,NA,NA,1,NA,NA,NA,NA,1,1
"447","toy",1,0.933333333333333,0.641509433962264,0.767857142857143,0.818181818181818,0.833333333333333,1,NA,1,1,1,1,NA,1,NA,NA,1,NA,NA,NA,NA,0,1
"448","tried",0.5,0.733333333333333,0.679245283018868,0.964285714285714,1,0.833333333333333,0.818181818181818,NA,1,0.666666666666667,1,1,NA,1,NA,NA,1,NA,NA,NA,NA,1,1
"449","trood",0.5,0.2,0.377358490566038,0.517857142857143,0.818181818181818,0.666666666666667,0.727272727272727,NA,1,1,1,1,NA,1,NA,NA,1,NA,NA,NA,NA,1,1
"450","truck",1,0.6,0.754716981132076,0.803571428571429,1,1,0.818181818181818,NA,1,1,1,1,NA,1,NA,NA,1,NA,NA,NA,NA,1,1
"451","trull",0.5,0.2,0.641509433962264,0.642857142857143,0.909090909090909,0.833333333333333,0.818181818181818,NA,1,1,1,1,NA,1,NA,NA,1,NA,NA,NA,NA,1,1
"452","twew",0.5,0.6,0.660377358490566,0.785714285714286,1,0.833333333333333,1,NA,1,1,1,1,NA,1,NA,NA,1,NA,NA,NA,NA,1,1
"453","two",1,1,0.830188679245283,0.928571428571429,1,1,0.909090909090909,NA,1,1,1,0,NA,1,NA,NA,1,NA,NA,NA,NA,1,1
"454","ud",0.5,0.4,0.641509433962264,0.910714285714286,1,1,1,NA,1,1,1,1,NA,1,NA,NA,1,NA,NA,NA,NA,1,1
"455","uffive",0.5,0.933333333333333,0.679245283018868,0.964285714285714,1,0.833333333333333,1,NA,1,1,1,1,NA,1,NA,NA,1,NA,NA,NA,NA,1,1
"456","ujst",0.5,0.6,0.60377358490566,0.946428571428571,1,1,0.818181818181818,NA,1,1,1,1,NA,1,NA,NA,1,NA,NA,NA,NA,1,1
"457","umly",0.5,0.733333333333333,0.679245283018868,0.964285714285714,0.863636363636364,0.833333333333333,1,NA,1,1,1,1,NA,1,NA,NA,0,NA,NA,NA,NA,1,1
"458","underchime",0.5,0.933333333333333,0.528301886792453,0.678571428571429,0.590909090909091,0.666666666666667,0.727272727272727,NA,1,0.666666666666667,1,1,NA,1,NA,NA,1,NA,NA,NA,NA,0,1
"459","understand",1,0.666666666666667,0.622641509433962,0.875,0.954545454545455,1,0.909090909090909,NA,1,1,1,1,NA,1,NA,NA,1,NA,NA,NA,NA,1,1
"460","unger",0.5,0.466666666666667,0.566037735849057,0.821428571428571,1,0.833333333333333,1,NA,1,1,1,1,NA,1,NA,NA,1,NA,NA,NA,NA,1,1
"461","uoy",0.5,0.533333333333333,0.811320754716981,0.857142857142857,1,1,1,NA,1,1,1,1,NA,1,NA,NA,1,NA,NA,NA,NA,1,1
"462","up",1,1,0.811320754716981,1,1,1,1,NA,0.5,1,1,1,NA,1,NA,NA,1,NA,NA,NA,NA,1,1
"463","upending",0.5,0.466666666666667,0.339622641509434,0.339285714285714,0.363636363636364,0.5,0.272727272727273,NA,0,0.666666666666667,1,1,NA,1,NA,NA,1,NA,NA,NA,NA,1,1
"464","utashing",0.5,0.666666666666667,0.60377358490566,0.857142857142857,1,0.833333333333333,0.818181818181818,NA,1,1,1,1,NA,1,NA,NA,1,NA,NA,NA,NA,1,1
"465","vesural",1,0.466666666666667,0.547169811320755,0.642857142857143,0.863636363636364,0.666666666666667,0.909090909090909,NA,1,1,1,1,NA,1,NA,NA,1,NA,NA,NA,NA,1,1
"466","vlei",0.5,0.933333333333333,0.773584905660377,0.910714285714286,0.863636363636364,0.833333333333333,0.818181818181818,NA,1,0.666666666666667,1,1,NA,1,NA,NA,1,NA,NA,NA,NA,1,1
"467","vosery",0.5,0.533333333333333,0.566037735849057,0.803571428571429,0.863636363636364,1,0.909090909090909,NA,1,1,1,1,NA,1,NA,NA,1,NA,NA,NA,NA,1,1
"468","waay",0,0.933333333333333,0.849056603773585,0.803571428571429,1,1,0.818181818181818,NA,0.5,0.666666666666667,1,1,NA,1,NA,NA,1,NA,NA,NA,NA,1,1
"469","want",1,0.666666666666667,0.830188679245283,0.892857142857143,1,1,0.818181818181818,NA,1,1,1,1,NA,1,NA,NA,1,NA,NA,NA,NA,1,1
"470","wared",0,0.333333333333333,0.566037735849057,0.660714285714286,0.818181818181818,0.666666666666667,0.545454545454545,NA,1,0.666666666666667,1,1,NA,1,NA,NA,1,NA,NA,NA,NA,0,1
"471","warpen",0.5,0.333333333333333,0.566037735849057,0.571428571428571,0.818181818181818,1,0.636363636363636,NA,1,1,1,1,NA,1,NA,NA,1,NA,NA,NA,NA,1,1
"472","wase",0,0.0666666666666667,0.69811320754717,0.785714285714286,0.727272727272727,0.833333333333333,0.818181818181818,NA,1,1,1,1,NA,1,NA,NA,1,NA,NA,NA,NA,1,1
"473","wass",0,0.666666666666667,0.905660377358491,0.75,0.727272727272727,0.666666666666667,0.545454545454545,NA,1,1,1,1,NA,1,NA,NA,1,NA,NA,NA,NA,1,1
"474","watch",1,0.6,0.69811320754717,0.839285714285714,1,1,1,NA,0.5,1,1,1,NA,1,NA,NA,1,NA,NA,NA,NA,1,1
"475","waves",0.5,0.533333333333333,0.641509433962264,0.785714285714286,0.863636363636364,0.833333333333333,1,NA,1,1,1,1,NA,1,NA,NA,0,NA,NA,NA,NA,1,1
"476","wawed",0,0.466666666666667,0.60377358490566,0.696428571428571,0.954545454545455,0.833333333333333,0.909090909090909,NA,1,1,1,1,NA,1,NA,NA,1,NA,NA,NA,NA,0,1
"477","ways",0.5,0.933333333333333,0.566037735849057,0.892857142857143,1,0.833333333333333,1,NA,0.5,1,0,1,NA,1,NA,NA,1,NA,NA,NA,NA,1,1
"478","we",1,0.933333333333333,0.867924528301887,0.875,1,1,1,NA,1,1,1,1,NA,1,NA,NA,1,NA,NA,NA,NA,1,1
"479","went",1,0.533333333333333,0.811320754716981,0.910714285714286,0.772727272727273,1,0.909090909090909,NA,1,0.666666666666667,1,1,NA,1,NA,NA,1,NA,NA,NA,NA,0,1
"480","wews",0.5,0.533333333333333,0.660377358490566,0.821428571428571,1,0.833333333333333,1,NA,1,1,1,1,NA,1,NA,NA,1,NA,NA,NA,NA,1,1
"481","whose",0.5,0.933333333333333,0.566037735849057,0.607142857142857,0.772727272727273,0.666666666666667,1,NA,0.5,0.666666666666667,1,1,NA,1,NA,NA,1,NA,NA,NA,NA,0,1
"482","will",1,0.8,0.641509433962264,0.875,1,1,1,NA,1,1,1,1,NA,1,NA,NA,1,NA,NA,NA,NA,1,1
"483","winner",1,0.666666666666667,0.849056603773585,0.946428571428571,0.909090909090909,1,1,NA,1,1,1,1,NA,1,NA,NA,1,NA,NA,NA,NA,1,1
"484","winter",1,0.866666666666667,1,0.821428571428571,0.863636363636364,1,1,NA,1,1,1,1,NA,1,NA,NA,1,NA,NA,NA,NA,1,1
"485","wirtoul",0.5,0.733333333333333,0.528301886792453,0.767857142857143,0.818181818181818,1,1,NA,1,1,1,1,NA,1,NA,NA,1,NA,NA,NA,NA,1,1
"486","wist",0.5,0.466666666666667,0.641509433962264,0.821428571428571,0.545454545454545,0.5,0.727272727272727,NA,1,1,1,0,NA,0,NA,NA,1,NA,NA,NA,NA,1,1
"487","without",1,0.533333333333333,0.773584905660377,0.821428571428571,0.818181818181818,1,1,NA,1,1,1,1,NA,1,NA,NA,1,NA,NA,NA,NA,1,1
"488","wndo",0.5,0.533333333333333,0.660377358490566,0.857142857142857,1,1,1,NA,1,0.666666666666667,1,1,NA,1,NA,NA,1,NA,NA,NA,NA,1,1
"489","woft",0.5,0.466666666666667,0.641509433962264,0.589285714285714,0.863636363636364,0.833333333333333,0.818181818181818,NA,0.5,0.666666666666667,1,1,NA,1,NA,NA,1,NA,NA,NA,NA,0,1
"490","wood",1,0.733333333333333,0.754716981132076,0.821428571428571,0.954545454545455,1,1,NA,1,1,1,1,NA,1,NA,NA,1,NA,NA,NA,NA,1,1
"491","work",1,0.866666666666667,0.660377358490566,0.964285714285714,1,1,1,NA,1,1,1,1,NA,1,NA,NA,1,NA,NA,NA,NA,1,1
"492","wread",0.5,0.266666666666667,0.660377358490566,0.535714285714286,0.590909090909091,0.5,0.636363636363636,NA,1,0.666666666666667,1,0,NA,1,NA,NA,1,NA,NA,NA,NA,0,1
"493","wto",0.5,0.866666666666667,0.679245283018868,0.892857142857143,0.818181818181818,1,1,NA,1,1,1,1,NA,1,NA,NA,1,NA,NA,NA,NA,1,1
"494","if",1,1,0.735849056603774,0.839285714285714,0.636363636363636,0.833333333333333,0.909090909090909,NA,0.5,1,1,1,NA,1,NA,NA,1,NA,NA,NA,NA,1,0
"495","yammering",0.5,0.266666666666667,0.358490566037736,0.339285714285714,0.0454545454545455,0.333333333333333,0.181818181818182,NA,0,0.333333333333333,1,0,NA,0,NA,NA,0,NA,NA,NA,NA,0,1
"496","yes",1,0.466666666666667,0.754716981132076,0.857142857142857,1,0.833333333333333,0.909090909090909,NA,1,1,1,1,NA,1,NA,NA,0,NA,NA,NA,NA,0,1
"497","yos",0.5,0.733333333333333,0.773584905660377,0.839285714285714,0.863636363636364,0.833333333333333,0.909090909090909,NA,1,1,1,1,NA,1,NA,NA,1,NA,NA,NA,NA,1,1
"498","you",1,0.6,0.962264150943396,0.928571428571429,1,0.833333333333333,0.818181818181818,NA,1,1,1,1,NA,1,NA,NA,1,NA,NA,NA,NA,1,1
"499","ypla",1,0.533333333333333,0.716981132075472,0.964285714285714,0.954545454545455,0.833333333333333,1,NA,1,0.666666666666667,1,1,NA,1,NA,NA,1,NA,NA,NA,NA,1,1
"500","zembering",0.5,0.8,0.69811320754717,0.892857142857143,1,1,0.818181818181818,NA,1,1,1,1,NA,1,NA,NA,1,NA,NA,NA,NA,1,1
"501","in.",NA,NA,NA,NA,NA,NA,NA,NA,NA,NA,NA,NA,NA,NA,NA,NA,NA,NA,NA,NA,NA,NA,NA
"502","xIf",NA,NA,NA,NA,NA,NA,NA,NA,NA,NA,NA,NA,NA,NA,NA,NA,NA,NA,NA,NA,NA,NA,NA
